Date;title;category;account;amount;type;;;;;;;
11/08/2024;Karthik;Bills & Fees;Savings Bank;45000;EXPENSE;;;;;;;
10/08/2024;Juice;Food & Drinks;Cash;40000;EXPENSE;;;;;;;
09/08/2024;Tire;Transport;Cash;10000;EXPENSE;;;;;;;
07/08/2024;Baba;Bills & Fees;Savings Bank;200000;EXPENSE;;;;;;;
04/08/2024;Reward;Bills & Fees;Salary Bank;4000;INCOME;;;;;;;
04/08/2024;Baba;Bills & Fees;Savings Bank;500000;EXPENSE;;;;;;;
02/08/2024;Grocery;Bills & Fees;Salary Bank;30000;EXPENSE;;;;;;;
02/08/2024;Petrol;Transport;Savings Bank;100000;EXPENSE;;;;;;;
02/08/2024;Adjust balance;Transport;Cash;74000;EXPENSE;;;;;;;
02/08/2024;Adjust balance;Transport;Savings Bank;102000;EXPENSE;;;;;;;
01/08/2024;Haircut;Bills & Fees;Savings Bank;152000;EXPENSE;;;;;;;
01/08/2024;Baba;Bills & Fees;Savings Bank;500000;EXPENSE;;;;;;;
31/07/2024;Print;Bills & Fees;Savings Bank;22000;EXPENSE;;;;;;;
31/07/2024;License;Bills & Fees;Savings Bank;300000;EXPENSE;;;;;;;
26/07/2024;Noodles;Food & Drinks;Savings Bank;70000;EXPENSE;;;;;;;
20/07/2024;Adjust balance;Transport;Savings Bank;0;INCOME;;;;;;;
20/07/2024;Breakfast;Food & Drinks;Cash;30000;EXPENSE;;;;;;;
20/07/2024;Maa;Bills & Fees;Cash;50000;EXPENSE;;;;;;;
15/07/2024;Adjust balance;Transport;Cash;3000;EXPENSE;;;;;;;
15/07/2024;Rent;Bills & Fees;Savings Bank;35000;EXPENSE;;;;;;;
14/07/2024;Grocery;Bills & Fees;Cash;171000;EXPENSE;;;;;;;
14/07/2024;Grocery;Bills & Fees;Cash;90000;EXPENSE;;;;;;;
12/07/2024;Adjust balance;Transport;Salary Bank;41000;INCOME;;;;;;;
12/07/2024;Baba;Bills & Fees;Savings Bank;300000;EXPENSE;;;;;;;
12/07/2024;Adjust balance;Transport;Cash;50000;EXPENSE;;;;;;;
12/07/2024;;Transport;Savings Bank;50000;EXPENSE;;;;;;;
10/07/2024;Maa;Bills & Fees;Cash;50000;EXPENSE;;;;;;;
10/07/2024;Breakfast;Food & Drinks;Cash;30000;EXPENSE;;;;;;;
07/07/2024;Breakfast;Food & Drinks;Salary Bank;30000;EXPENSE;;;;;;;
03/07/2024;Netflix;Bills & Fees;Savings Bank;199000;EXPENSE;;;;;;;
03/07/2024;Baba;Bills & Fees;Savings Bank;200000;EXPENSE;;;;;;;
02/07/2024;Lunch;Food & Drinks;Cash;120000;EXPENSE;;;;;;;
01/07/2024;Baba;Bills & Fees;Savings Bank;500000;EXPENSE;;;;;;;
01/07/2024;Recharge;Bills & Fees;Savings Bank;259000;EXPENSE;;;;;;;
01/07/2024;Printouts;Bills & Fees;Salary Bank;13000;EXPENSE;;;;;;;
01/07/2024;Printouts;Bills & Fees;Cash;42000;EXPENSE;;;;;;;
30/06/2024;Biryani 🍚;Food & Drinks;Savings Bank;520000;EXPENSE;;;;;;;
30/06/2024;Breakfast;Food & Drinks;Salary Bank;60000;EXPENSE;;;;;;;
30/06/2024;Baba;Bills & Fees;Savings Bank;35000;EXPENSE;;;;;;;
30/06/2024;Adjust balance;Transport;Savings Bank;71000;INCOME;;;;;;;
29/06/2024;Juice;Food & Drinks;Cash;20000;EXPENSE;;;;;;;
29/06/2024;Cab;Transport;Cash;180000;EXPENSE;;;;;;;
29/06/2024;Snacks;Food & Drinks;Cash;30000;EXPENSE;;;;;;;
29/06/2024;Chai;Food & Drinks;Cash;20000;EXPENSE;;;;;;;
29/06/2024;Recharge;Bills & Fees;Savings Bank;266900;EXPENSE;;;;;;;
28/06/2024;Curd;Food & Drinks;Cash;25000;EXPENSE;;;;;;;
28/06/2024;Adjust balance;Transport;Cash;30000;EXPENSE;;;;;;;
28/06/2024;Tea;Food & Drinks;Cash;10000;EXPENSE;;;;;;;
28/06/2024;Water;Food & Drinks;Cash;10000;EXPENSE;;;;;;;
28/06/2024;Adjust balance;Transport;Cash;358000;EXPENSE;;;;;;;
27/06/2024;Water;Food & Drinks;Cash;40000;EXPENSE;;;;;;;
27/06/2024;Bus;Transport;Cash;20000;EXPENSE;;;;;;;
27/06/2024;Metro;Transport;Cash;20000;EXPENSE;;;;;;;
27/06/2024;Haldiram;Food & Drinks;Cash;207000;EXPENSE;;;;;;;
27/06/2024;Tickets victoria;Bills & Fees;Cash;100000;EXPENSE;;;;;;;
27/06/2024;Lunch;Food & Drinks;Cash;95000;EXPENSE;;;;;;;
27/06/2024;Ferry;Transport;Cash;50000;EXPENSE;;;;;;;
27/06/2024;Baba;Bills & Fees;Cash;500000;EXPENSE;;;;;;;
27/06/2024;Museum;Bills & Fees;Savings Bank;150000;EXPENSE;;;;;;;
27/06/2024;Bus;Transport;Cash;20000;EXPENSE;;;;;;;
27/06/2024;Metro;Transport;Salary Bank;10000;EXPENSE;;;;;;;
27/06/2024;Grocery;Bills & Fees;Cash;200000;EXPENSE;;;;;;;
27/06/2024;Withdraw;Bills & Fees;Salary Bank;0;TRANSFER;;;;;;;
26/06/2024;Cab;Transport;Salary Bank;200000;EXPENSE;;;;;;;00d8e305-4141-4188-81e9-32a191ccaf68
26/06/2024;Train;Transport;Salary Bank;20000;EXPENSE;;;;;;;b1438c76-e86d-49e6-b6c8-aa9a01b721f8
24/06/2024;Tickets;Bills & Fees;Salary Bank;20000;EXPENSE;;;;;;;4d633abc-5c86-4813-a93a-39cfd53b7dbe
23/06/2024;Maa stuff;Bills & Fees;Salary Bank;240000;EXPENSE;;;;;;;4a0333b6-e068-439e-a9b7-fb09b8571130
23/06/2024;Toto;Transport;Salary Bank;20000;EXPENSE;;;;;;;38d13eb9-67dc-4e76-b32e-63764016b470
23/06/2024;Snacks;Food & Drinks;Salary Bank;70000;EXPENSE;;;;;;;c39e0b28-2498-4d06-b509-cf07381a9010
23/06/2024;Adjust balance;Transport;Salary Bank;102000;EXPENSE;;;;;;;d7a24953-5fcf-471b-ba8a-2b5b53989393
23/06/2024;Snacks;Food & Drinks;Salary Bank;44000;EXPENSE;;;;;;;6cb158ba-8edf-448b-b72d-2d644b11b090
23/06/2024;Shaka pola;Bills & Fees;Salary Bank;600000;EXPENSE;;;;;;;c692fa2a-cc2e-452c-9017-ec8b1f5d99dd
21/06/2024;Tickets;Transport;Salary Bank;40000;EXPENSE;;;;;;;7731b44a-90a9-490f-b0dc-32b1607174f7
20/06/2024;Adjust balance;Transport;Salary Bank;60000;EXPENSE;;;;;;;445dc212-caca-40e6-b82f-6202a34dfc4f
20/06/2024;Lunch;Food & Drinks;Salary Bank;20000;EXPENSE;;;;;;;ba1ad731-ddb9-4b43-8dee-8c51f9eeca51
20/06/2024;Recharge;Bills & Fees;Salary Bank;259000;EXPENSE;;;;;;;02c4ef39-dc24-41c7-a661-9aabec8e2759
19/06/2024;Shave;Bills & Fees;Salary Bank;20000;EXPENSE;;;;;;;a615e949-d311-4d68-90e8-b7c3c185e3e2
17/06/2024;Water;Food & Drinks;Cash;20000;EXPENSE;;;;;;;a69d23ab-b64c-4433-bcd0-287150241428
17/06/2024;Tickets;Transport;Cash;260000;EXPENSE;;;;;;;a3648944-0536-4103-9b05-b1a2c10b97f0
17/06/2024;Water;Food & Drinks;Cash;20000;EXPENSE;;;;;;;ab6d1bd8-fca7-456f-891a-9c4d4b4cc200
17/06/2024;Ticket Refund;Bills & Fees;Salary Bank;35000;INCOME;;;;;;;134b84d9-d069-4dc3-b3d8-2ad31a9914df
17/06/2024;Lunch;Food & Drinks;Salary Bank;250000;EXPENSE;;;;;;;7acd4795-7a52-40c1-b8c9-516b42b0ed75
17/06/2024;Adjust balance;Transport;Cash;120000;EXPENSE;;;;;;;76522f59-ef2e-418d-ae78-6ca7a400eb01
16/06/2024;Baba;Bills & Fees;Cash;500000;EXPENSE;;;;;;;0bc78b39-86a4-4563-aa48-601fb29d8c11
16/06/2024;Cab;Transport;Salary Bank;170000;EXPENSE;;;;;;;558a01e8-4b80-461e-ae4a-d8463cb918ac
16/06/2024;Snacks;Food & Drinks;Salary Bank;200000;EXPENSE;;;;;;;37d15a02-2d34-4653-9d59-b70a24fa53ed
16/06/2024;Chotu;Bills & Fees;Cash;500000;EXPENSE;;;;;;;b4c1f454-2b37-4ed5-8458-e86c0048b7ee
16/06/2024;Withdraw;Bills & Fees;Salary Bank;0;TRANSFER;INR;Cash;1,500.00;INR;;;2e1389f8-269b-431b-afd8-9de7c6ab74e0
16/06/2024;Tickets;Bills & Fees;Salary Bank;35000;EXPENSE;;;;;;;fb0cf317-8075-4f05-adb6-c924435db5a3
15/06/2024;Baba;Bills & Fees;Salary Bank;500000;EXPENSE;;;;;;;2572b1a9-bcb3-48e1-985d-c9fd31e71f6d
14/06/2024;Petrol;Transport;Cash;100000;EXPENSE;;;;;;;a1fe4f07-b2f4-4179-9fa5-410bc804607d
14/06/2024;Sriya payback;Bills & Fees;Cash;100000;INCOME;;;;;;;ecd7db96-ad5e-49ce-bc6c-907829cf806b
14/06/2024;Petrol;Transport;Salary Bank;100000;EXPENSE;;;;;;;4228d945-c519-4c74-9c97-e9b1e1a1673c
13/06/2024;Snacks;Food & Drinks;Salary Bank;208500;EXPENSE;;;;;;;3bb28e6e-8680-4a2c-b19a-307f1d665e88
13/06/2024;Petrol;Transport;Salary Bank;200000;EXPENSE;;;;;;;7f2fbd7d-ebd8-40cc-b72e-ebf59781ac81
11/06/2024;Chips;Food & Drinks;Salary Bank;10000;EXPENSE;;;;;;;ae884f4f-f532-4ba2-810e-7f40415b00c9
10/06/2024;Breakfast;Food & Drinks;Salary Bank;30000;EXPENSE;;;;;;;b85cd16c-5ced-4393-9bb7-4b2a599d850e
09/06/2024;Petrol;Transport;Salary Bank;200000;EXPENSE;;;;;;;062e59cb-5373-4791-a0ee-e499208deb1d
09/06/2024;Clothes;Bills & Fees;Salary Bank;799000;EXPENSE;;;;;;;4c221e0f-4ea9-45f1-95ac-048906819f10
09/06/2024;Snacks;Food & Drinks;Salary Bank;198880;EXPENSE;;;;;;;16773874-1f14-4c60-950e-c039a3814588
07/06/2024;Baba;Bills & Fees;Salary Bank;500000;EXPENSE;;;;;;;05e0f471-b671-48cb-9a83-e9c2dce2cc8e
07/06/2024;Snacks;Food & Drinks;Salary Bank;90000;EXPENSE;;;;;;;efe635ab-b644-4d51-99cd-d8ffa76fcab9
07/06/2024;Sriya;Bills & Fees;Salary Bank;100000;EXPENSE;;;;;;;1ed370e7-b050-47c4-b24a-8dce1aea7e82
07/06/2024;Petrol;Transport;Salary Bank;100000;EXPENSE;;;;;;;3cbef138-72cc-4820-a76f-c87b9a8cf165
07/06/2024;Karthik payback;Bills & Fees;Salary Bank;200000;INCOME;;;;;;;c05e6998-4ece-4c6e-9310-f51a58b922f5
07/06/2024;Karthik payback;Bills & Fees;Cash;100000;INCOME;;;;;;;aa5bcfad-c580-4a2b-b9a3-414df3804624
05/06/2024;Grocery;Bills & Fees;Salary Bank;175000;EXPENSE;;;;;;;e5e0b394-d70c-48bb-81da-363d85a81880
05/06/2024;Netflix;Bills & Fees;Savings Bank;200000;EXPENSE;;;;;;;bed7ee92-d044-4398-9b48-91b12308c2e8
05/06/2024;Settlement;Bills & Fees;Salary Bank;0;TRANSFER;INR;Savings Bank;2,175.00;INR;;;bba071ab-57fd-48d6-a653-d57d22977e46
05/06/2024;Salary;Bills & Fees;Salary Bank;35000;INCOME;;;;;;;d7ab8a16-5521-4a7c-a62a-ad66e4f629ee
05/06/2024;Snacks;Food & Drinks;Salary Bank;30000;EXPENSE;;;;;;;ecbb7610-76b5-4f3f-964f-abb01c486ec8
05/06/2024;Adjust balance;Transport;Cash;67000;EXPENSE;;;;;;;92182a4d-5c30-466d-9183-24297e618f26
05/06/2024;Chotu;Bills & Fees;Savings Bank;155000;EXPENSE;;;;;;;e4213549-3613-4058-96cc-933df529f820
05/06/2024;Adjust balance;Transport;Salary Bank;10000;EXPENSE;;;;;;;3c361c1b-5349-455d-84be-6689570b532a
05/06/2024;Netflix;Bills & Fees;Salary Bank;199000;EXPENSE;;;;;;;f9f55fad-e59f-4f00-8b37-3a82954424b4
05/06/2024;Netflix;Bills & Fees;Salary Bank;200000;INCOME;;;;;;;deb59219-cca3-4b90-8f77-c8e1f8aff192
05/06/2024;;Bills & Fees;Salary Bank;70000;INCOME;;;;;;;21ee236b-528a-4fdf-a663-c711785f40fe
04/06/2024;Baba;Bills & Fees;Salary Bank;200000;EXPENSE;;;;;;;2bfe2d14-db8a-45c2-9fa3-b1b78cc9210e
03/06/2024;Snacks;Food & Drinks;Cash;90000;EXPENSE;;;;;;;b12e0db0-9da4-49cb-999b-98357aff6dfb
03/06/2024;Goje;Bills & Fees;Savings Bank;300000;EXPENSE;;;;;;;8f3ae772-1551-44bc-b056-7f800f30cc54
03/06/2024;Petrol;Transport;Salary Bank;100000;EXPENSE;;;;;;;02e1c2da-3f99-4fe3-96b3-68f968750013
31/05/2024;Biryani 🍚;Food & Drinks;Savings Bank;520000;EXPENSE;;;;;;;f0a1ca79-e8c3-4a46-bcdf-59c803eff53d
31/05/2024;Adjust balance;Transport;Salary Bank;54000;EXPENSE;;;;;;;1a7cd23f-49ee-4101-9858-012068855deb
31/05/2024;Juice;Food & Drinks;Salary Bank;30000;EXPENSE;;;;;;;d06b82a1-977b-4e07-a56b-1e846157e695
31/05/2024;Petrol;Transport;Salary Bank;100000;EXPENSE;;;;;;;6d43985c-2e33-4281-9bf8-0c8e6f9b260b
31/05/2024;Smthng;Bills & Fees;Cash;10000;EXPENSE;;;;;;;39f842d8-92d0-4108-bfae-5b3802a25523
30/05/2024;Pizza;Food & Drinks;Salary Bank;190000;EXPENSE;;;;;;;43ac317c-1fa9-4748-81c8-40cc674a196a
30/05/2024;Baba;Bills & Fees;Savings Bank;35000;EXPENSE;;;;;;;2be3b36d-cbf8-423c-b51c-55e7e999595b
29/05/2024;Snacks;Food & Drinks;Salary Bank;35000;EXPENSE;;;;;;;bb50734a-f6b8-47c4-a707-92b2be34aa3b
29/05/2024;Reward;Bills & Fees;Salary Bank;11000;INCOME;;;;;;;8dce71df-070d-47b8-92c9-2f617cabc9a0
29/05/2024;Breakfast;Food & Drinks;Salary Bank;30000;EXPENSE;;;;;;;ec50fd6d-7b75-4dd7-87d9-b95506f15c56
28/05/2024;Shirt;Bills & Fees;Salary Bank;160000;EXPENSE;;;;;;;4976a205-5563-43b6-817d-8840969592a2
28/05/2024;Bus;Transport;Cash;30000;EXPENSE;;;;;;;fcf6c72c-9988-482a-ba5f-f58b5c2f2bea
28/05/2024;Juice;Food & Drinks;Salary Bank;35000;EXPENSE;;;;;;;90e3f00f-96c4-425d-b28b-4b10e0d2a648
28/05/2024;Withdraw;Bills & Fees;Salary Bank;0;TRANSFER;INR;Cash;300;INR;;;3892857d-ffc3-4200-9612-aeb73ec09903
28/05/2024;Auto;Transport;Cash;20000;EXPENSE;;;;;;;d293f0c2-bf08-4d17-9ea0-7bb17d4d9855
27/05/2024;Recharge;Bills & Fees;Salary Bank;155000;EXPENSE;;;;;;;d52842dc-5f52-4f8f-a61c-807d355df654
27/05/2024;Chotu;Bills & Fees;Salary Bank;500000;EXPENSE;;;;;;;586a29c2-b32c-4943-b3b1-798f025add1c
27/05/2024;Adjust balance;Transport;Salary Bank;56000;EXPENSE;;;;;;;b0dcb84a-92d4-4160-898d-fd4927da97e8
27/05/2024;Snacks;Food & Drinks;Salary Bank;30000;EXPENSE;;;;;;;06c8760b-4e21-497b-a26f-9d24b0ba5e12
26/05/2024;Shampoo;Bills & Fees;Cash;4000;EXPENSE;;;;;;;4c6fb575-dfd3-4307-a9e7-f2bcefe4db4c
26/05/2024;Petrol;Bills & Fees;Salary Bank;250000;EXPENSE;;;;;;;1318d331-e052-4925-afca-32671034ad33
26/05/2024;Stationary;Bills & Fees;Salary Bank;20000;EXPENSE;;;;;;;1596fd8b-a723-446f-99da-8bc8f18cf435
25/05/2024;Ice cream;Food & Drinks;Salary Bank;20000;EXPENSE;;;;;;;c7e0e490-9a26-4613-87e6-d01169bc50e0
25/05/2024;Snacks;Food & Drinks;Salary Bank;60000;EXPENSE;;;;;;;f7b20515-5b20-4530-b5fa-10e3e6d51f6d
25/05/2024;Lunch;Food & Drinks;Salary Bank;70000;EXPENSE;;;;;;;a52ca5ed-eb3e-46ad-ba4b-075bbe43a4ad
25/05/2024;Auto;Transport;Salary Bank;20000;EXPENSE;;;;;;;eac3929c-ce7c-4188-9853-b75fad0935b6
24/05/2024;Bus;Transport;Cash;40000;EXPENSE;;;;;;;70767dbf-6508-4b71-b541-b12f4ed5fa08
24/05/2024;Auto;Transport;Salary Bank;20000;EXPENSE;;;;;;;a1e0a217-2509-4704-a89b-9a378d369ac6
24/05/2024;Juice;Food & Drinks;Salary Bank;30000;EXPENSE;;;;;;;3ac3d8dc-837d-4775-90a0-c60397b82a62
24/05/2024;Printing;Bills & Fees;Salary Bank;555000;EXPENSE;;;;;;;111d7810-1d9c-4440-ad9a-b0a38aaa862e
23/05/2024;Breakfast;Food & Drinks;Salary Bank;30000;EXPENSE;;;;;;;11b63743-5dd4-4a12-af09-ed5adf96116f
21/05/2024;Recharge;Bills & Fees;Salary Bank;259000;EXPENSE;;;;;;;88f8fa2a-102f-400a-aab7-6f5a5cafdd04
21/05/2024;Internet;Bills & Fees;Salary Bank;470820;EXPENSE;;;;;;;f12182fe-8230-49b7-afc7-cf00fe33df1b
21/05/2024;Juice;Food & Drinks;Salary Bank;10000;EXPENSE;;;;;;;83b46998-5170-4b50-a939-d364e991f5f3
21/05/2024;Brake;Bills & Fees;Salary Bank;50000;EXPENSE;;;;;;;f6d5fdfa-1155-425d-a5a8-358aa4fe8643
21/05/2024;Ice Cream;Food & Drinks;Salary Bank;35000;EXPENSE;;;;;;;cf6a35f0-18b0-40e1-b837-dd7022d96129
21/05/2024;Petrol;Transport;Salary Bank;100000;EXPENSE;;;;;;;04706684-ba57-446b-8c30-74bc8dfbeff5
21/05/2024;Adjust balance;Transport;Cash;40000;EXPENSE;;;;;;;92bf81c0-a7b5-4a80-ac8d-2fd412a5d682
20/05/2024;Juice;Food & Drinks;Salary Bank;75000;EXPENSE;;;;;;;e688f069-4412-408c-a7ac-ff4c87ff875f
20/05/2024;Juice;Food & Drinks;Salary Bank;20000;EXPENSE;;;;;;;be393797-8976-4b99-85a1-f9241f7e0e5a
19/05/2024;Tickets;Bills & Fees;Salary Bank;35000;EXPENSE;;;;;;;89dc11da-bc16-4021-a23c-1d896ec460bd
19/05/2024;Tickets;Bills & Fees;Salary Bank;35000;EXPENSE;;;;;;;20544f7f-8ec6-4895-8332-8be4ed11d66c
19/05/2024;Maggi;Food & Drinks;Salary Bank;14000;EXPENSE;;;;;;;a67511da-2ca2-4eff-a28b-a0bab482fe0f
17/05/2024;Breakfast;Food & Drinks;Salary Bank;30000;EXPENSE;;;;;;;a790edcc-dddd-4324-8e65-14b2d36ccedb
16/05/2024;Breakfast;Food & Drinks;Salary Bank;30000;EXPENSE;;;;;;;9ba7e97f-b449-4a7f-ba94-1cf126e962c1
15/05/2024;Juice;Food & Drinks;Salary Bank;130000;EXPENSE;;;;;;;6ee76b88-daa0-4ca0-872b-86910582ec99
15/05/2024;Shawarma 🌯;Food & Drinks;Salary Bank;220000;EXPENSE;;;;;;;7a04f85d-8ae6-48ea-872f-2e4e7d182d82
15/05/2024;RtA;Transport;Metro Card;35000;EXPENSE;;;;;;;e244b224-73ea-4f20-b051-c6833048b121
15/05/2024;Bus;Transport;Cash;10000;EXPENSE;;;;;;;a92ff9ec-45b8-401d-80da-77ff88d0412a
15/05/2024;AtR;Transport;Salary Bank;35000;EXPENSE;;;;;;;91e16f4f-635d-467b-8da1-ce284077e76f
14/05/2024;Recharge;Transport;Salary Bank;0;TRANSFER;INR;Metro Card;200;INR;;;a33a155b-ca7d-4562-a87f-89bc82696753
14/05/2024;Juice;Food & Drinks;Cash;10000;EXPENSE;;;;;;;312ea3c7-fd8d-40ee-bcf9-9ee382fb9e71
14/05/2024;Bus;Transport;Cash;20000;EXPENSE;;;;;;;19226009-98a4-4867-8cc7-7c441b3190ef
14/05/2024;RtA;Transport;Metro Card;35000;EXPENSE;;;;;;;40420718-2e72-49f7-a0c1-eee663b5c35d
14/05/2024;AtR;Transport;Metro Card;35000;EXPENSE;;;;;;;f688a5f5-29fc-429b-b1f1-58ae749df8cc
12/05/2024;Snacks;Food & Drinks;Salary Bank;30000;EXPENSE;;;;;;;0ef25ffb-a3db-4ef1-8a8f-3446f87d961b
10/05/2024;Snacks;Food & Drinks;Salary Bank;60000;EXPENSE;;;;;;;508ff447-c1e6-442e-b521-11f1a6909a23
10/05/2024;RtA;Transport;Metro Card;35000;EXPENSE;;;;;;;4a4426b0-b4cf-4a10-b17a-af10098311c4
10/05/2024;AtR;Transport;Metro Card;35000;EXPENSE;;;;;;;fd83b29f-45ca-4d74-b5aa-aea3f4e30014
09/05/2024;Screen;Bills & Fees;Salary Bank;35000;EXPENSE;;;;;;;fa7ed52f-db05-417b-bea8-d197bdfe73e9
09/05/2024;Snacks;Food & Drinks;Salary Bank;20000;EXPENSE;;;;;;;b4c52cef-c5ed-4413-a986-d631def38ae6
09/05/2024;Breakfast;Food & Drinks;Salary Bank;30000;EXPENSE;;;;;;;a49ad761-2d0c-4360-b0d1-919767fc5226
08/05/2024;Juice;Food & Drinks;Salary Bank;80000;EXPENSE;;;;;;;7a7da6a6-df34-4f87-8008-1f54b281da93
08/05/2024;Bus;Transport;Cash;10000;EXPENSE;;;;;;;3e3f3638-f323-4934-8c0e-cc6f885a1678
08/05/2024;RtA;Transport;Metro Card;35000;EXPENSE;;;;;;;3489e490-54a8-4aeb-9f0a-d312a10dd10a
08/05/2024;AtR;Transport;Metro Card;35000;EXPENSE;;;;;;;a1f86aa7-540c-48a1-b730-522179275527
08/05/2024;Bus;Transport;Cash;10000;EXPENSE;;;;;;;ec49d0e2-f60e-4572-bd2a-05c165a202dd
07/05/2024;RtA;Transport;Metro Card;35000;EXPENSE;;;;;;;6beab6b5-8ad2-4405-8209-35d351371db4
07/05/2024;AtR;Transport;Metro Card;35000;EXPENSE;;;;;;;82d6a6ae-0f2e-4741-89cc-d62ca760048a
07/05/2024;Shawarma 🌯;Food & Drinks;Salary Bank;120000;EXPENSE;;;;;;;224c5bd7-7ae2-4c34-bb10-7fe899c4dbff
07/05/2024;Bus;Transport;Cash;10000;EXPENSE;;;;;;;32fb9d18-e584-45e4-9778-e884caf79cf9
06/05/2024;Bus;Transport;Cash;10000;EXPENSE;;;;;;;e3e59dbc-4585-4794-968a-a25b74635ab8
06/05/2024;Petrol;Bills & Fees;Salary Bank;100000;EXPENSE;;;;;;;231b4928-e59b-4e37-8bc2-3cf110628c82
06/05/2024;RtA;Transport;Metro Card;35000;EXPENSE;;;;;;;e86cd4ca-f861-4b84-bd21-d3924ca9d854
06/05/2024;AtR;Transport;Metro Card;35000;EXPENSE;;;;;;;fbe815ee-f0f2-49b0-b6ad-f5bd54ffd06b
06/05/2024;Juice;Food & Drinks;Salary Bank;40000;EXPENSE;;;;;;;12c2ad26-a465-43d3-8cb1-1a08d842937a
06/05/2024;Lunch;Food & Drinks;Salary Bank;100000;EXPENSE;;;;;;;91969a70-3150-4b01-bc97-26e35c00f24b
06/05/2024;Adjust balance;Transport;Salary Bank;80000;INCOME;;;;;;;272a637e-935e-45cf-a151-f96dd5867530
06/05/2024;Adjust balance;Transport;Cash;30000;EXPENSE;;;;;;;a226c682-212e-43fa-8f28-bd562c86ca49
04/05/2024;Petrol;Transport;Salary Bank;200000;EXPENSE;;;;;;;8856e7fe-ea51-49fd-8e08-732a1029f759
04/05/2024;Medic;Bills & Fees;Salary Bank;20000;EXPENSE;;;;;;;93bf965f-fd3f-45ce-be3e-7f8acad23500
03/05/2024;Petrol;Transport;Salary Bank;100000;EXPENSE;;;;;;;85c7287a-67c6-47a2-b09b-db10b1767c83
03/05/2024;Recharge;Bills & Fees;Salary Bank;266900;EXPENSE;;;;;;;c0350a6b-313c-40f9-96df-bc09d4ab1b21
03/05/2024;Petrol;Transport;Salary Bank;50000;EXPENSE;;;;;;;aefddc5a-45f9-428a-9562-660e5430e26c
02/05/2024;Exam Fees;Bills & Fees;Salary Bank;35000;EXPENSE;;;;;;;c41d8549-50b7-4ed3-8c20-661c1aabe068
02/05/2024;Juice;Food & Drinks;Salary Bank;80000;EXPENSE;;;;;;;3bb50eca-d2f2-488a-96a0-2228fae10012
02/05/2024;Bus;Transport;Cash;10000;EXPENSE;;;;;;;2bb8783b-91b4-41ed-9693-f602e0614575
02/05/2024;Auto;Transport;Cash;20000;EXPENSE;;;;;;;f3d8e0bf-93f8-4a14-8fc4-12a5cfb566ad
02/05/2024;Juice;Food & Drinks;Salary Bank;80000;EXPENSE;;;;;;;02201ad3-181f-4829-aab5-82ff49adabc1
02/05/2024;Snacks;Food & Drinks;Salary Bank;30000;EXPENSE;;;;;;;89363752-fa3b-4bb3-b5bd-cf5f2fe78125
02/05/2024;Savings;Transport;Salary Bank;0;TRANSFER;INR;Savings Bank;2,000.00;INR;;;d5c5a778-77d0-427a-8a25-bea074464e1f
02/05/2024;Netflix;Bills & Fees;Salary Bank;199000;EXPENSE;;;;;;;cf4d2147-844b-4d8a-a53c-052fdc69cf08
02/05/2024;Baba;Bills & Fees;Salary Bank;35000;EXPENSE;;;;;;;22f14513-6bf6-4c2a-8db2-e6bb0c2a44d2
01/05/2024;Adjust balance;Transport;Salary Bank;30000;EXPENSE;;;;;;;6511f107-793d-40c5-85d6-a25672fcd158
01/05/2024;Recharge;Bills & Fees;Salary Bank;155000;EXPENSE;;;;;;;88d1725a-bb66-435c-bbe0-4de70e749fc7
01/05/2024;Juice;Food & Drinks;Salary Bank;60000;EXPENSE;;;;;;;f4f13756-1197-4ffe-9ae1-4e357666b7c8
01/05/2024;Recharge;Transport;Salary Bank;0;TRANSFER;INR;Metro Card;200;INR;;;bb0f7535-0a80-4c12-8776-954fdd0fd79e
01/05/2024;Withdraw;Transport;Salary Bank;0;TRANSFER;INR;Cash;300;INR;;;d676f96e-cc64-4cad-ae61-6ad50c6adcf1
01/05/2024;RtA;Transport;Cash;35000;EXPENSE;;;;;;;93e4b05a-c62e-4415-a0a2-d44b497fb11d
01/05/2024;AtR;Transport;Metro Card;35000;EXPENSE;;;;;;;258ad797-30ea-4182-8954-5e2e62170dd8
01/05/2024;Water;Food & Drinks;Salary Bank;30000;EXPENSE;;;;;;;39def290-90c7-4538-a84d-74736543a1f8
30/04/2024;Salary;Bills & Fees;Salary Bank;35000;INCOME;;;;;;;2e7a54a6-8f1b-4132-bb0a-e1e1add888f0
30/04/2024;Bus;Transport;Cash;10000;EXPENSE;;;;;;;223e59b5-7482-4071-b778-e48fef8a1a27
30/04/2024;AtR;Transport;Salary Bank;35000;EXPENSE;;;;;;;cfe9fe1d-5d66-4a57-b4bd-d4fecddecf35
30/04/2024;RtA;Transport;Salary Bank;35000;EXPENSE;;;;;;;e2738ea5-560b-470d-8f3d-dcf4f55bb6b5
30/04/2024;Juice;Food & Drinks;Salary Bank;90000;EXPENSE;;;;;;;6f203563-6af9-4e30-9213-362808479cba
29/04/2024;Bus;Transport;Cash;10000;EXPENSE;;;;;;;241f2f9d-adec-4016-a54c-fb3f14b7c1b8
29/04/2024;RtA;Transport;Salary Bank;35000;EXPENSE;;;;;;;a6e443f4-424e-45b3-9dcd-66a35eb78bdf
29/04/2024;Adjust balance;Transport;Cash;80000;EXPENSE;;;;;;;2bf9e586-bf61-4630-8f8a-1264c4277cb7
29/04/2024;Bus;Transport;Cash;10000;EXPENSE;;;;;;;ca732d24-ab2e-4928-828b-08ae8246c0c8
29/04/2024;AtR;Transport;Salary Bank;35000;EXPENSE;;;;;;;20b0e0d5-2587-4033-a4d4-af88ade8281e
28/04/2024;Baba;Bills & Fees;Salary Bank;500000;EXPENSE;;;;;;;bcd5e720-c629-405d-92ce-a63f78b4fe4e
28/04/2024;Breakfast;Food & Drinks;Salary Bank;30000;EXPENSE;;;;;;;898b5084-1696-4762-9dd1-a309b83348c2
27/04/2024;🍰;Food & Drinks;Salary Bank;100000;EXPENSE;;;;;;;cc950855-0206-41da-a80c-c3029267ffee
27/04/2024;Milk;Bills & Fees;Salary Bank;40000;EXPENSE;;;;;;;8872e260-1d9b-41e5-a7af-739baa5c9d94
27/04/2024;Snacks;Food & Drinks;Salary Bank;90000;EXPENSE;;;;;;;96623580-7f22-4b17-95ba-a5923dcc532d
27/04/2024;Water;Food & Drinks;Salary Bank;60000;EXPENSE;;;;;;;7e97a3c7-7731-47dc-8c82-322d5f552f20
27/04/2024;Juice;Food & Drinks;Salary Bank;120000;EXPENSE;;;;;;;cd891ba6-62e1-448d-bd7a-1067528a4dc7
27/04/2024;Water;Food & Drinks;Salary Bank;60000;EXPENSE;;;;;;;8218dade-b95a-42f4-af7b-f49bd8e00a1a
27/04/2024;Lunch;Food & Drinks;Salary Bank;100000;EXPENSE;;;;;;;8c688926-48c5-4043-835c-1864ee2c4b5a
27/04/2024;Sujith;Bills & Fees;Salary Bank;100000;INCOME;;;;;;;53b5768e-83fb-45a2-8ae1-8b91cb250ede
27/04/2024;Priyanka;Bills & Fees;Salary Bank;300000;INCOME;;;;;;;130c4200-c84d-49ed-a32f-99c5c113c05d
27/04/2024;Petrol;Transport;Salary Bank;100000;EXPENSE;;;;;;;5db87f93-4f96-4925-a06f-6ebb5d0f8fab
26/04/2024;Juice;Food & Drinks;Salary Bank;49000;EXPENSE;;;;;;;cfe93cb8-4d9e-491d-8112-dcf7bc356718
26/04/2024;Chotu;Bills & Fees;Salary Bank;500000;EXPENSE;;;;;;;2c3ab3b3-c29b-403b-995d-ffca7031439d
26/04/2024;Snacks;Food & Drinks;Salary Bank;10000;EXPENSE;;;;;;;fde12671-069e-4902-9b8b-9ff25aa4fbb4
26/04/2024;Drink;Food & Drinks;Salary Bank;49000;EXPENSE;;;;;;;080d00a7-eff8-4afa-b05b-b1978df5870f
26/04/2024;Lunch;Food & Drinks;Salary Bank;120000;EXPENSE;;;;;;;c689d249-3ea2-4f33-96de-562d61eaf0e2
26/04/2024;Water;Food & Drinks;Salary Bank;60000;EXPENSE;;;;;;;d35b7b34-4cee-441b-8536-51d87b0280f0
26/04/2024;Petrol;Transport;Salary Bank;100000;EXPENSE;;;;;;;87bc3d98-21f8-4594-830a-65f3194aebc1
25/04/2024;Snacks;Food & Drinks;Salary Bank;20000;EXPENSE;;;;;;;67bb9b24-515c-460b-9ee7-0caf306426fd
25/04/2024;Petrol;Transport;Salary Bank;100000;EXPENSE;;;;;;;304d3124-3599-4697-8c41-387bbbfa7c3b
24/04/2024;Shirt;Bills & Fees;Salary Bank;699000;EXPENSE;;;;;;;a6f6cecd-3aa8-4980-b1df-698685a7b495
24/04/2024;Petrol;Transport;Salary Bank;100000;EXPENSE;;;;;;;85244f40-cdd6-4703-94d0-83f4c05750af
24/04/2024;Petrol;Transport;Salary Bank;50000;EXPENSE;;;;;;;3b6e9e6a-f590-4b0e-996e-301df8dfbb9b
24/04/2024;Snacks;Food & Drinks;Salary Bank;60000;EXPENSE;;;;;;;c033f55b-4b8b-46b4-9062-255ceca7461c
23/04/2024;Team lunch;Food & Drinks;Salary Bank;795000;EXPENSE;;;;;;;f453f211-da65-4ebd-86cb-1e76eeeab835
23/04/2024;Bus;Transport;Cash;20000;EXPENSE;;;;;;;fa88c642-0f31-475b-af47-42d14c122045
23/04/2024;RtA;Transport;Metro Card;35000;EXPENSE;;;;;;;cef59635-4e95-47b3-8d08-162a96eeaeb9
23/04/2024;AtR;Transport;Metro Card;35000;EXPENSE;;;;;;;86290f86-9587-4953-9e9c-08d3f78fe28b
22/04/2024;Bus;Transport;Cash;10000;EXPENSE;;;;;;;89490386-793b-4b56-ae73-7b75ab9a5b63
22/04/2024;RtA;Transport;Metro Card;35000;EXPENSE;;;;;;;22ed2a16-9eeb-4704-900d-c57ddb6b97d8
22/04/2024;Bus Pass;Transport;Salary Bank;430000;EXPENSE;;;;;;;f9d1f72b-571d-4a51-bc63-1fed65c0c727
22/04/2024;Recharge;Bills & Fees;Salary Bank;259000;EXPENSE;;;;;;;78641f2b-8615-4c7e-ace8-b995f369d04e
22/04/2024;Adjust balance;Transport;Savings Bank;44020;INCOME;;;;;;;21420e78-ed3a-4c32-a040-25969feefc6f
22/04/2024;Settlement;Transport;Salary Bank;20000;EXPENSE;;;;;;;caae5a83-5d36-46df-9832-056d9f631195
22/04/2024;Adjust balance;Transport;Cash;20000;EXPENSE;;;;;;;fa774275-a1ac-4748-b6a3-3defc6d3be0e
22/04/2024;Bus;Transport;Cash;30000;EXPENSE;;;;;;;a2b01bbe-619c-466c-a1a1-e8769b35a7d4
22/04/2024;;Bills & Fees;Cash;30000;INCOME;;;;;;;c82328a0-7ceb-4d3c-9053-dc44ad0e738c
22/04/2024;AtR;Transport;Metro Card;35000;EXPENSE;;;;;;;c4e66e65-0635-41e6-8a2c-27053942453d
21/04/2024;Juice;Food & Drinks;Salary Bank;40000;EXPENSE;;;;;;;da63805a-1404-4f27-8561-64fa5f76fd44
21/04/2024;Manchuria;Food & Drinks;Cash;70000;EXPENSE;;;;;;;7de23ae0-6434-4a5a-801e-498744d12c47
21/04/2024;Breakfast;Food & Drinks;Salary Bank;25000;EXPENSE;;;;;;;c38ecaeb-2832-4e53-bbca-59991c235cc7
21/04/2024;Petrol;Transport;Salary Bank;100000;EXPENSE;;;;;;;e50c7c0d-1b01-43ed-8392-4ed36eb7e969
21/04/2024;Tyre;Bills & Fees;Cash;10000;EXPENSE;;;;;;;9d6e1164-eca4-43d6-a297-94dd74513fe5
20/04/2024;Shirt;Bills & Fees;Salary Bank;799000;EXPENSE;;;;;;;c75d702b-721a-4249-b31e-aa48e2a2813e
20/04/2024;Burrito;Food & Drinks;Salary Bank;83000;EXPENSE;;;;;;;5d213420-bdb4-4dc7-87c3-ba8a227aa2e7
20/04/2024;Sid PayUp;Bills & Fees;Salary Bank;89520;INCOME;;;;;;;e675ad21-0ff7-4add-b8e7-74cb235e7524
20/04/2024;Ice Cream;Food & Drinks;Salary Bank;88010;EXPENSE;;;;;;;70c8bf0f-33b3-4e1c-8ff5-dea0d249fd79
20/04/2024;Water;Food & Drinks;Cash;30000;EXPENSE;;;;;;;69ee468f-b045-4b68-8ece-4b2796cf07f2
19/04/2024;Bus;Transport;Cash;10000;EXPENSE;;;;;;;8eb3f736-9b8b-41e5-bf67-c7303f7a300b
19/04/2024;RtA;Transport;Metro Card;35000;EXPENSE;;;;;;;bf9cac22-e84b-4789-8df7-09cf9327f049
19/04/2024;AtR;Transport;Metro Card;35000;EXPENSE;;;;;;;282095ad-26ea-43a9-a073-96c08f6ea5c9
18/04/2024;Snacks;Food & Drinks;Salary Bank;75000;EXPENSE;;;;;;;64cae55d-06f1-41ae-93e0-115dc44844c8
18/04/2024;Snacks;Food & Drinks;Salary Bank;130000;EXPENSE;;;;;;;e4f37e8b-2f2f-4b3a-a533-819e8fa462f4
17/04/2024;;Transport;Cash;5000;EXPENSE;;;;;;;2bfb6713-ab01-4b6f-9998-dedab45d17af
17/04/2024;Reacharge;Transport;Salary Bank;0;TRANSFER;INR;Metro Card;200;INR;;;9536b873-151d-43ed-b6a3-43a4be8b15a5
17/04/2024;AtR;Transport;Cash;35000;EXPENSE;;;;;;;d5fb955e-cfbc-4602-95d7-c4a37877a3a5
17/04/2024;Withdraw;Transport;Salary Bank;0;TRANSFER;INR;Cash;300;INR;;;63ddb530-ac2a-4185-8698-609d06a746bc
16/04/2024;RtA;Transport;Metro Card;35000;EXPENSE;;;;;;;4320c442-4118-4718-bdfc-d41938cb4a64
16/04/2024;Bus;Transport;Cash;10000;EXPENSE;;;;;;;9f3d2290-3cd6-4f8e-8d70-7920798c5e0b
16/04/2024;AtR;Transport;Metro Card;35000;EXPENSE;;;;;;;c627e400-ca70-4dc5-a9b4-6d5c04aa6a74
15/04/2024;Bus;Transport;Cash;10000;EXPENSE;;;;;;;50b0be3a-fcf0-45f5-8563-ba2e9ce8a4de
15/04/2024;RtA;Transport;Metro Card;35000;EXPENSE;;;;;;;b1e0e78e-a75a-41fb-8532-57fec16343a3
15/04/2024;Snacks;Food & Drinks;Salary Bank;60000;EXPENSE;;;;;;;d4fcda75-8b2a-4d55-9625-1ef27113f942
15/04/2024;Domain;Bills & Fees;Salary Bank;616320;EXPENSE;;;;;;;6fd5d116-e6a4-48c9-91b4-ad74e76fd663
15/04/2024;AtR;Transport;Metro Card;35000;EXPENSE;;;;;;;da84716c-3965-4ab4-8ff0-5d26ac555829
15/04/2024;Bus;Transport;Cash;10000;EXPENSE;;;;;;;51ff7712-b942-470d-bd30-a0e67aee3a60
14/04/2024;Breakfast;Food & Drinks;Salary Bank;30000;EXPENSE;;;;;;;eb48ad4f-c670-4dfb-8c7c-a8d0dd7af005
12/04/2024;Bus;Transport;Cash;20000;EXPENSE;;;;;;;0cbeec5d-7581-4978-b52c-2a3dfe3c20ec
12/04/2024;Recharge;Transport;Salary Bank;0;TRANSFER;INR;Metro Card;200;INR;;;dd15ea5b-c423-433e-b907-c7dba7bad0af
12/04/2024;RtA;Transport;Metro Card;35000;EXPENSE;;;;;;;7eb6d8c1-17b2-4477-83b1-fbcf1cab8029
12/04/2024;AtR;Transport;Metro Card;35000;EXPENSE;;;;;;;674a61ae-f7b3-4b1c-9a43-0cfe6c511b46
12/04/2024;Adjust balance;Transport;Metro Card;40000;EXPENSE;;;;;;;75fdf260-2de4-46ef-ad14-be73200d03b8
10/04/2024;RtA;Transport;Metro Card;35000;EXPENSE;;;;;;;a6cb88eb-6f9f-438a-9a67-73d58a6bb773
10/04/2024;Adjust balance;Transport;Cash;30000;EXPENSE;;;;;;;bfa75682-b795-435a-8566-2057a02b18e8
10/04/2024;Adjust balance;Transport;Salary Bank;70990;EXPENSE;;;;;;;1a537a15-ffa4-43e5-acb8-ae2a39a1998e
10/04/2024;Gym;Bills & Fees;Salary Bank;35000;EXPENSE;;;;;;;db4d5d93-9d36-4622-9f33-ffe3a81f5187
10/04/2024;AtR;Transport;Metro Card;35000;EXPENSE;;;;;;;e84d01b9-287d-45e2-8de9-05c54092b598
10/04/2024;Shawarma 🌯;Food & Drinks;Salary Bank;140000;EXPENSE;;;;;;;395b3c2e-58b4-4db5-a9d8-4e42b818db08
08/04/2024;AtR;Transport;Metro Card;35000;EXPENSE;;;;;;;e3b176ce-d3cf-4786-90dc-e9042f57f6b5
08/04/2024;Bus;Transport;Cash;10000;EXPENSE;;;;;;;66ba10cb-56f7-4313-afd1-48690e8cabdc
07/04/2024;Breakfast;Food & Drinks;Salary Bank;30000;EXPENSE;;;;;;;94f701db-6572-4e35-85b6-648db71b617a
07/04/2024;Fest;Bills & Fees;Salary Bank;250000;EXPENSE;;;;;;;79c1e6b0-51f6-4e6d-9f7d-98b626720490
06/04/2024;Juice;Food & Drinks;Salary Bank;10000;EXPENSE;;;;;;;fb74083b-ea28-4af5-80eb-84f4df9052cf
06/04/2024;Bus;Transport;Cash;10000;EXPENSE;;;;;;;057e1b71-c054-4539-9b55-7bf470e68a30
06/04/2024;Juice;Food & Drinks;Salary Bank;30000;EXPENSE;;;;;;;c53d9d07-d910-445e-801c-d41f0c7f5309
06/04/2024;Auto;Transport;Cash;20000;EXPENSE;;;;;;;d0ab442a-52ec-445b-84ea-273755da3fb3
05/04/2024;Juice;Food & Drinks;Salary Bank;30000;EXPENSE;;;;;;;6e1e0f1c-25e7-488b-a5ac-07346327315c
05/04/2024;RtA;Transport;Metro Card;35000;EXPENSE;;;;;;;113c8e7b-b90e-4076-8586-d10404e8b74e
05/04/2024;Recharge;Transport;Salary Bank;0;TRANSFER;INR;Metro Card;200;INR;;;2eaf92f1-dfab-4078-a95c-cd378fe0e5eb
05/04/2024;Wow;Bills & Fees;Salary Bank;309840;EXPENSE;;;;;;;bd7c7a55-0da0-4697-b90b-3d3423da3788
05/04/2024;Juice;Food & Drinks;Salary Bank;25000;EXPENSE;;;;;;;09b6a757-ef2d-41af-b5f6-11a018562cf0
05/04/2024;AtR;Transport;Metro Card;35000;EXPENSE;;;;;;;d6d06f16-a9cf-4004-b5dc-cd1ab650372f
04/04/2024;Snacks;Food & Drinks;Salary Bank;75000;EXPENSE;;;;;;;9a254132-ba75-4604-a7b2-0c32e6b6d2b8
04/04/2024;Petrol;Bills & Fees;Salary Bank;100000;EXPENSE;;;;;;;15d4007d-437e-41f1-b476-cefe1a408b5a
04/04/2024;Stonks;Bills & Fees;Salary Bank;761440;INCOME;;;;;;;1df1ce5b-1d36-4172-9031-950a2cb7bc78
03/04/2024;Settlement;Transport;Salary Bank;0;TRANSFER;INR;Savings Bank;3,199.00;INR;;;6440e4bf-f9ac-4649-819d-000b833264eb
03/04/2024;Maa;Bills & Fees;Salary Bank;35000;INCOME;;;;;;;925f49ab-6a95-4ba7-85b5-40ebf01c0f46
03/04/2024;Bus;Transport;Cash;10000;EXPENSE;;;;;;;77ef7682-a11e-488f-87b1-09fbfa08761b
03/04/2024;AtR;Transport;Metro Card;35000;EXPENSE;;;;;;;28259330-312f-4173-bdd7-20d8ffe441f1
02/04/2024;AtR;Transport;Metro Card;35000;EXPENSE;;;;;;;9763f058-f4cd-4239-b3b4-decacaba4938
02/04/2024;RtA;Transport;Metro Card;35000;EXPENSE;;;;;;;263a68dd-b4b5-43b5-8c20-d53ff12921b7
02/04/2024;Juice;Food & Drinks;Cash;10000;EXPENSE;;;;;;;5c4eb6d5-ef06-453f-b1c1-c5377e01be36
02/04/2024;Juice;Food & Drinks;Cash;60000;EXPENSE;;;;;;;340a1e1d-ada0-49c9-97d6-18244d566b89
02/04/2024;Chotu;Bills & Fees;Cash;60000;INCOME;;;;;;;8f5f4a24-742f-4ab4-9821-3fbfac31c591
02/04/2024;Bus;Transport;Cash;10000;EXPENSE;;;;;;;5fad39bf-5473-4c24-8869-7dde53268f6d
01/04/2024;Netflix;Bills & Fees;Savings Bank;199000;EXPENSE;;;;;;;fdb6c9d4-f0a4-43d7-9c38-48376417a722
01/04/2024;Chotu;Bills & Fees;Savings Bank;35000;EXPENSE;;;;;;;6a0c41ac-05ea-4453-b966-0d8da9015154
01/04/2024;Bhagwat;Bills & Fees;Cash;100000;INCOME;;;;;;;5de6713f-e6c6-490c-ada4-080c3bcf70e9
01/04/2024;Snacks;Food & Drinks;Salary Bank;160000;EXPENSE;;;;;;;0e3be43f-e9cb-405c-8fa1-3c56ae959f43
01/04/2024;Juice;Food & Drinks;Salary Bank;50000;EXPENSE;;;;;;;73b78e97-9b36-4d8c-afe5-8b88faff1778
01/04/2024;Adjust balance;Transport;Cash;50000;EXPENSE;;;;;;;75469fc3-9c9d-4f9c-8f4c-46241e84de79
31/03/2024;AtR;Transport;Metro Card;35000;EXPENSE;;;;;;;411136d0-fc08-4266-acba-d1006d6e192e
31/03/2024;Bus;Transport;Cash;10000;EXPENSE;;;;;;;ee4fd400-7140-47df-ab4b-3716b705b24e
31/03/2024;Baba;Bills & Fees;Salary Bank;35000;EXPENSE;;;;;;;680d5b03-3f8e-4af0-9b78-d5bed3643c1c
31/03/2024;Shoes;Bills & Fees;Salary Bank;35000;EXPENSE;;;;;;;ba26720e-7166-4de2-b3eb-fd3f584c7480
31/03/2024;Haircut;Bills & Fees;Salary Bank;150000;EXPENSE;;;;;;;6c4b7d01-9c99-4b44-965e-19fa240d4f40
30/03/2024;Chotu;Bills & Fees;Cash;100000;EXPENSE;;;;;;;e9922e06-03a2-481a-b1ad-7e5f3103c331
29/03/2024;Snacks;Food & Drinks;Salary Bank;90000;EXPENSE;;;;;;;8757b497-c06b-4443-b4b7-9ca049f76c0f
29/03/2024;Maa;Bills & Fees;Salary Bank;35000;EXPENSE;;;;;;;cbcbc73b-cffb-49dd-ab94-cc919801ddef
29/03/2024;Breakfast;Food & Drinks;Salary Bank;60000;EXPENSE;;;;;;;8ed18456-97ee-46ac-aae8-cfc341aef822
28/03/2024;Petrol;Bills & Fees;Salary Bank;100000;EXPENSE;;;;;;;aa003083-8c02-4991-8ede-530d13933bb4
28/03/2024;Snacks;Food & Drinks;Salary Bank;250000;EXPENSE;;;;;;;efa39518-8a43-4e57-b9bc-973892e84bea
28/03/2024;Settle;Transport;Salary Bank;5000;EXPENSE;;;;;;;fe27a98e-2d07-48d0-ad58-f05d4939f2ca
28/03/2024;Salary;Bills & Fees;Salary Bank;35000;INCOME;;;;;;;a7be4577-1c79-470a-9b9f-f8901cd5c58e
28/03/2024;Transfer;Transport;Salary Bank;0;TRANSFER;INR;Savings Bank;4,123.00;INR;;;904fab18-9b7d-4984-9c00-1312bd9a96b6
27/03/2024;Ice cream;Food & Drinks;Cash;70000;EXPENSE;;;;;;;841c07c5-e7e2-4566-9516-96d5f1ead847
26/03/2024;Juice;Food & Drinks;Salary Bank;40000;EXPENSE;;;;;;;9c0fe60e-ac97-4502-b9ab-c31dc240e173
26/03/2024;Auto;Transport;Cash;20000;EXPENSE;;;;;;;a1d360ab-6273-4642-ad39-10d19ba8db47
25/03/2024;Bus;Transport;Cash;10000;EXPENSE;;;;;;;ffcb6133-537a-4421-9097-c97ec0936aa3
25/03/2024;Bus;Transport;Cash;10000;EXPENSE;;;;;;;2a49ae2e-2449-4a87-aaf7-ab92e2a066a1
25/03/2024;RtA;Transport;Metro Card;35000;EXPENSE;;;;;;;ec34f5cc-a926-4894-bc1d-382bbbbcf14f
25/03/2024;AtR;Transport;Metro Card;35000;EXPENSE;;;;;;;71741307-625d-493a-82a1-1f38440b088a
25/03/2024;Recharge;Transport;Cash;0;TRANSFER;INR;Metro Card;200;INR;;;58b1c7e6-fc56-4c37-81cc-4f7fc18f6c5d
24/03/2024;Adjust balance;Transport;Salary Bank;105000;EXPENSE;;;;;;;266daf7d-9d01-4dbd-b858-a530c67f97fe
22/03/2024;Bus;Transport;Cash;30000;EXPENSE;;;;;;;ae5713d1-7827-4e4e-bc54-5f1bbcef05aa
22/03/2024;Juice;Food & Drinks;Salary Bank;10000;EXPENSE;;;;;;;8daf75ef-e618-4896-8ac5-4450d89d4c6f
22/03/2024;Snacks;Food & Drinks;Salary Bank;80000;EXPENSE;;;;;;;d96ead87-603d-4cd8-91e8-c4a0adbcfe53
22/03/2024;Withdraw;Transport;Salary Bank;0;TRANSFER;INR;Cash;500;INR;;;364df0cf-66f8-4a2b-9d89-e7f3dce4dcc4
22/03/2024;RtA;Transport;Metro Card;35000;EXPENSE;;;;;;;6e9332c0-9bf8-40d3-9938-037d727e7f20
21/03/2024;Baba;Bills & Fees;Salary Bank;500000;EXPENSE;;;;;;;c0e14014-4631-436b-85e0-8550435fa129
21/03/2024;Recharge;Bills & Fees;Salary Bank;259000;EXPENSE;;;;;;;50fd698c-38d6-44b4-a1ed-493fa5706446
21/03/2024;Maa;Bills & Fees;Salary Bank;35000;INCOME;;;;;;;8274c1c3-e626-437d-acf5-ad258be714b5
21/03/2024;Stonks;Bills & Fees;Salary Bank;230000;EXPENSE;;;;;;;a7c3aab2-ec15-4525-b66a-0f979bd1987f
21/03/2024;Petrol;Transport;Salary Bank;200000;EXPENSE;;;;;;;c5b49577-75a9-4001-aadb-4b54ec878b87
19/03/2024;RtA;Transport;Metro Card;35000;EXPENSE;;;;;;;ba5e8072-3901-4d13-8bc9-d3a3cc065263
19/03/2024;Snacks;Food & Drinks;Salary Bank;25000;EXPENSE;;;;;;;621b521d-e327-4e91-bcfa-4af0110ded62
19/03/2024;RtA;Transport;Metro Card;35000;EXPENSE;;;;;;;65c23e96-b7d0-41db-94c1-021911fbfd93
19/03/2024;Shawarma 🌯;Food & Drinks;Salary Bank;260000;EXPENSE;;;;;;;4ca12ed6-ed5c-4a30-899b-a9b118b48ff7
19/03/2024;Bus pass;Bills & Fees;Salary Bank;430000;EXPENSE;;;;;;;162750b7-9ebb-4350-94fa-9bf9b41e74c5
18/03/2024;RtA;Transport;Metro Card;35000;EXPENSE;;;;;;;05ae842e-597e-4763-9cdf-d08b53f33c3e
17/03/2024;Adjust balance;Transport;Cash;110000;EXPENSE;;;;;;;cd3063ea-711a-41f4-b93f-b41ef3ad78b3
16/03/2024;Snacks;Food & Drinks;Salary Bank;30000;EXPENSE;;;;;;;ead69b7a-41f0-4ec8-85ad-22bb15e2c706
16/03/2024;Rent;Bills & Fees;Salary Bank;35000;EXPENSE;;;;;;;d860cada-8a39-4cd3-8c88-013010ef88d7
15/03/2024;Juice;Food & Drinks;Salary Bank;40000;EXPENSE;;;;;;;3a4623f6-b762-4db5-9f56-f0bfb0524d3c
15/03/2024;Snacks;Food & Drinks;Salary Bank;20000;EXPENSE;;;;;;;3832a47b-857f-49a9-b49c-edf2a3d18d62
15/03/2024;RtA;Transport;Metro Card;35000;EXPENSE;;;;;;;32da42d1-0c4c-4bd7-bd8f-a3b3875b0243
15/03/2024;Bike;Transport;Salary Bank;74000;EXPENSE;;;;;;;ffa618ac-e7fc-4a48-bee3-721da4810004
14/03/2024;Snacks;Food & Drinks;Salary Bank;105000;EXPENSE;;;;;;;0de260a7-ebc6-408a-a781-4f328b406386
13/03/2024;Snacks;Food & Drinks;Salary Bank;30000;EXPENSE;;;;;;;b72fc70c-f53c-4ae8-b780-26b1704d2086
13/03/2024;Bandages;Bills & Fees;Salary Bank;8000;EXPENSE;;;;;;;b0b8d6ab-7cd1-44fb-aa3f-e5188dc7bb61
12/03/2024;Baba;Bills & Fees;Salary Bank;35000;EXPENSE;;;;;;;e47c326e-cb25-475c-9fdb-83f83b170cc0
12/03/2024;Doc;Bills & Fees;Salary Bank;60000;EXPENSE;;;;;;;dcb191ed-3007-4de4-91ae-12ca43db6530
12/03/2024;Juice;Food & Drinks;Salary Bank;90000;EXPENSE;;;;;;;3fea7d47-8ade-4011-862e-f074e6d559ac
12/03/2024;Shawarma 🌯;Food & Drinks;Salary Bank;150000;EXPENSE;;;;;;;c74de4d5-f628-456b-acf9-368c1d13bb56
12/03/2024;Breakfast;Food & Drinks;Salary Bank;30000;EXPENSE;;;;;;;1049850c-828e-4874-beb6-e184ed0270a2
11/03/2024;Jalebi;Food & Drinks;Salary Bank;30000;EXPENSE;;;;;;;62636a34-7e2c-4f1a-970e-16e1ef618c5b
10/03/2024;;Bills & Fees;Salary Bank;9000;EXPENSE;;;;;;;210f7a28-e04c-4bc1-bb39-a8254ee69074
10/03/2024;Baba;Bills & Fees;Salary Bank;35000;EXPENSE;;;;;;;27c6c615-72fc-4e42-9358-2dd1caacff90
09/03/2024;Juice;Food & Drinks;Salary Bank;10000;EXPENSE;;;;;;;1f5659e8-450e-4781-83cf-1294c5dfa901
09/03/2024;Petrol;Transport;Salary Bank;200000;EXPENSE;;;;;;;fe3fb8d7-e688-4217-9a48-04fc6e9572cf
08/03/2024;Snacks;Food & Drinks;Salary Bank;10000;EXPENSE;;;;;;;01864be3-6df3-48dd-ab05-4a799a941eb9
08/03/2024;Breakfast;Food & Drinks;Salary Bank;30000;EXPENSE;;;;;;;cf7747b9-5d14-4bc7-9902-94d533cb54ec
07/03/2024;Snacks;Food & Drinks;Salary Bank;60000;EXPENSE;;;;;;;d005d095-d5fe-4299-ba02-f0446e73e40f
07/03/2024;RtA;Transport;Cash;35000;EXPENSE;;;;;;;3d12199c-1ab3-4795-904c-d108bb8fcf48
07/03/2024;;Transport;Cash;20000;EXPENSE;;;;;;;5ccfaedb-0859-4852-84a1-8225aa26937f
07/03/2024;Adjust balance;Transport;Cash;25000;EXPENSE;;;;;;;a5dc41d8-e604-47dc-ad7e-297e10e9ed04
07/03/2024;AtR;Transport;Metro Card;35000;EXPENSE;;;;;;;466c0871-1271-4a37-84fb-69cc5748add8
07/03/2024;Bus;Transport;Cash;10000;EXPENSE;;;;;;;c3ce527e-d1da-418d-9264-5a77009e0233
07/03/2024;Withdraw;Transport;Salary Bank;0;TRANSFER;INR;Cash;200;INR;;;d536c44e-589c-497a-b4b0-974bf6619ea8
07/03/2024;Recharge;Transport;Salary Bank;0;TRANSFER;INR;Metro Card;250;INR;;;d1fb48c1-35d5-4007-a91c-cd7bb0a65430
06/03/2024;RtA;Transport;Metro Card;35000;EXPENSE;;;;;;;7483047d-dba6-4328-bb56-214d2091005d
06/03/2024;Snacks;Food & Drinks;Cash;10000;EXPENSE;;;;;;;91b013e6-85e4-4db2-adfa-c9cffa9fdff8
06/03/2024;AtR;Transport;Metro Card;35000;EXPENSE;;;;;;;ae9f4483-fa3b-4f9a-950b-f4c10e366350
06/03/2024;RB 🐂;Food & Drinks;Salary Bank;125000;EXPENSE;;;;;;;8f696a31-7fbd-4dbb-9429-ba273db9a395
06/03/2024;Baba;Bills & Fees;Salary Bank;35000;EXPENSE;;;;;;;21226b92-8b72-43e0-8c7d-8fab18a1896b
06/03/2024;Netflix;Bills & Fees;Salary Bank;99000;EXPENSE;;;;;;;154eb891-db7a-47b0-b83c-125825331c2b
06/03/2024;;Transport;Savings Bank;5530;INCOME;;;;;;;978228fc-201d-404a-9254-e3ac8acb1b04
05/03/2024;AtR;Transport;Metro Card;35000;EXPENSE;;;;;;;cc3d1d9a-1fdb-42d9-b118-26d48d1d31e6
05/03/2024;Bus;Transport;Cash;10000;EXPENSE;;;;;;;429417a0-a502-4cfe-b08e-1fd1d916c295
05/03/2024;RtA;Transport;Metro Card;35000;EXPENSE;;;;;;;319a098b-3fc0-49a0-a652-7b5c8fc5a88b
04/03/2024;Snacks;Food & Drinks;Salary Bank;20000;EXPENSE;;;;;;;a672e06a-a8cd-412f-9261-c9ba102a57fe
04/03/2024;Snacks;Food & Drinks;Salary Bank;25000;EXPENSE;;;;;;;31ed121a-93d6-4228-965c-731c57d1e1cd
04/03/2024;RtA;Transport;Cash;35000;EXPENSE;;;;;;;5506aed7-4e40-4d15-b496-800556a66e95
04/03/2024;AtR;Transport;Metro Card;35000;EXPENSE;;;;;;;df8b34dc-aad0-4b05-8c5b-83715f1ec036
04/03/2024;Baba;Bills & Fees;Cash;80000;EXPENSE;;;;;;;4e6dfdac-b123-4b08-b00e-ec797f7ace0b
04/03/2024;Recharge;Transport;Salary Bank;0;TRANSFER;INR;Metro Card;200;INR;;;f6dae437-30cf-45da-bb2a-9b8d9154f3aa
03/03/2024;Snacks;Food & Drinks;Salary Bank;60000;EXPENSE;;;;;;;ef5b7f34-6f2c-4b79-b821-ddc17cccd23b
03/03/2024;Laptop fixes;Bills & Fees;Salary Bank;150000;EXPENSE;;;;;;;f39a347a-0043-49bf-a4b3-44334eb66f0f
03/03/2024;Juice;Food & Drinks;Salary Bank;100000;EXPENSE;;;;;;;749e7c2c-d444-4f22-8229-4cc7450b02b8
03/03/2024;Snacks;Food & Drinks;Salary Bank;150000;EXPENSE;;;;;;;c8a59a4a-6dd6-467c-90df-afd20a54da5a
02/03/2024;Cab;Bills & Fees;Salary Bank;419000;EXPENSE;;;;;;;ac3de325-7d50-45f9-ae74-ff0f94668ae5
02/03/2024;Can;Bills & Fees;Salary Bank;476000;EXPENSE;;;;;;;7f5a9c5a-f0a6-499f-aac3-6b362288219a
02/03/2024;Dinner;Bills & Fees;Salary Bank;35000;EXPENSE;;;;;;;00afcf13-caf5-467c-bd46-84ff60e800e2
02/03/2024;Gym;Bills & Fees;Salary Bank;35000;EXPENSE;;;;;;;ad66a270-0056-4148-be7c-6199eae7d39d
01/03/2024;Snacks;Food & Drinks;Salary Bank;60000;EXPENSE;;;;;;;40b7079e-37c7-401d-9dae-5bf0e533b631
01/03/2024;AtR;Transport;Metro Card;35000;EXPENSE;;;;;;;7025737f-0608-4b31-9154-23b2227b234f
01/03/2024;RtA;Transport;Metro Card;35000;EXPENSE;;;;;;;89f3150a-f603-4654-a154-cedc073384cb
01/03/2024;Baba;Bills & Fees;Salary Bank;35000;EXPENSE;;;;;;;df67e7ac-58c8-45a7-965b-5ee8bfe11fa1
29/02/2024;Fancode;Bills & Fees;Salary Bank;599000;EXPENSE;;;;;;;0ad70268-59c2-401a-9dde-75d0e522a975
29/02/2024;Snacks;Food & Drinks;Salary Bank;60000;EXPENSE;;;;;;;b1624d02-5311-4b53-be35-0e1f60a494c1
29/02/2024;Salary;Transport;Salary Bank;35000;INCOME;;;;;;;a3deccb4-c8cb-4ad6-86c7-2d36d7cf269c
29/02/2024;Adjust balance;Transport;Savings Bank;45020;EXPENSE;;;;;;;4c5a88f6-594d-4ad7-a8ba-5f455bc72f54
29/02/2024;Adjust balance;Transport;Savings Bank;0;INCOME;;;;;;;9ada27bb-efbf-4daf-aac1-74110da39327
29/02/2024;Petrol;Transport;Savings Bank;100000;EXPENSE;;;;;;;e2e5b5a7-348f-4f31-9250-23d6499e0152
29/02/2024;Baba;Bills & Fees;Cash;100000;EXPENSE;;;;;;;5360227b-775b-47d3-8489-7f1679f067f1
29/02/2024;Maa;Bills & Fees;Cash;150000;EXPENSE;;;;;;;06538b64-9e2d-4e7b-8734-a8fd3c880717
28/02/2024;Bus;Transport;Cash;10000;EXPENSE;;;;;;;653f0ed6-dc67-4461-8de2-5f0acef7f4ef
28/02/2024;RtA;Transport;Metro Card;35000;EXPENSE;;;;;;;a3be3b72-f952-42bf-b44c-8af2edd26e1f
28/02/2024;Snacks;Food & Drinks;Savings Bank;60000;EXPENSE;;;;;;;5b30eea0-0977-4218-b662-d3187e51e872
28/02/2024;AtR;Transport;Cash;35000;EXPENSE;;;;;;;efc7195a-c510-47ff-984e-75957f4c2471
28/02/2024;Adjust balance;Transport;Cash;15000;EXPENSE;;;;;;;0688881a-02ea-4e75-a18c-0aacf86d4f3e
27/02/2024;Bus;Transport;Cash;10000;EXPENSE;;;;;;;177da0e6-fc87-4d70-9e0f-d380556705d6
27/02/2024;RtA;Transport;Metro Card;35000;EXPENSE;;;;;;;37596680-833a-4ce2-af28-0fb48c79e2fc
27/02/2024;Shawarma 🌯;Food & Drinks;Savings Bank;140000;EXPENSE;;;;;;;b187bdd8-06d4-4a33-81e7-0b640f131fbe
27/02/2024;Bus;Transport;Cash;10000;EXPENSE;;;;;;;0ada151b-3915-404a-9591-71d1919208e4
27/02/2024;Snacks;Food & Drinks;Savings Bank;35000;EXPENSE;;;;;;;3220398f-eba2-4c2a-90c5-b07e6c36e506
27/02/2024;AtR;Transport;Metro Card;35000;EXPENSE;;;;;;;a99d7484-c4af-46f6-bfc4-79e9d5707588
26/02/2024;Withdraw;Transport;Savings Bank;0;TRANSFER;INR;Cash;500;INR;;;0af77061-734f-4899-b5e0-2c2d27528bdd
26/02/2024;Bus;Transport;Cash;10000;EXPENSE;;;;;;;fed14e7d-aec4-4dd8-bae2-f453ad59b039
26/02/2024;Snacks;Food & Drinks;Savings Bank;60000;EXPENSE;;;;;;;6d7529a3-d8fc-41e5-a8a5-1ac1e1eeacf8
26/02/2024;Recharge;Transport;Savings Bank;0;TRANSFER;INR;Metro Card;200;INR;;;4fe8ab61-116d-47fc-aa31-4bad0bba0340
26/02/2024;Adjust balance;Transport;Savings Bank;940000;INCOME;;;;;;;e37a62bc-79d5-4915-828d-8495b7108f71
26/02/2024;Adjust balance;Transport;Cash;10000;EXPENSE;;;;;;;b4dd44d5-ee95-4f42-b96c-06a9cd753c63
26/02/2024;Bus;Transport;Cash;10000;EXPENSE;;;;;;;dd308ccf-2f76-4a54-9d24-ecf39266a704
26/02/2024;AtR;Transport;Metro Card;35000;EXPENSE;;;;;;;716d7c97-72f0-46ac-9e85-45f29cc28af7
26/02/2024;RtA;Transport;Metro Card;35000;EXPENSE;;;;;;;d42b4524-2121-42ff-b062-d0521f619197
26/02/2024;Baba;Bills & Fees;Cash;200000;EXPENSE;;;;;;;edd48883-c17b-4393-a60c-8a49229dfea1
26/02/2024;Maa;Bills & Fees;Cash;50000;EXPENSE;;;;;;;ce5ddaa2-2d10-490c-87fb-3a9e21fadd00
24/02/2024;Snacks;Food & Drinks;Cash;50000;EXPENSE;;;;;;;53324354-3b71-4ffe-80a7-efc4079d6c91
24/02/2024;Snacks;Food & Drinks;Cash;35000;EXPENSE;;;;;;;073f8087-3cc6-4314-84c0-0c023fa91f95
23/02/2024;Snacks;Food & Drinks;Cash;25000;EXPENSE;;;;;;;fd892637-d1c5-4d9a-898e-500aba22e05a
23/02/2024;Bus;Transport;Cash;10000;EXPENSE;;;;;;;d0610ed8-9a05-4588-9575-77a9fe802563
23/02/2024;RtA;Transport;Metro Card;35000;EXPENSE;;;;;;;3da4b106-96ea-4311-9578-a4127fea6d3f
23/02/2024;Bus;Transport;Cash;10000;EXPENSE;;;;;;;33866342-67a8-464c-b8f6-39e54cf9dd35
23/02/2024;AtR;Transport;Metro Card;35000;EXPENSE;;;;;;;d8652f8d-b0a1-4d30-8047-a56046f97482
22/02/2024;Bb;Bills & Fees;Savings Bank;50000;EXPENSE;;;;;;;c9d3934b-a742-404f-87fe-72bde8ae316f
22/02/2024;Bus;Transport;Cash;10000;EXPENSE;;;;;;;31bf0c14-b26a-43a1-9df8-8ce264c0884a
22/02/2024;RtA;Transport;Metro Card;35000;EXPENSE;;;;;;;c5f31217-d9d2-444c-8fa1-f9257ee33c39
22/02/2024;Stonks;Bills & Fees;Savings Bank;180000;EXPENSE;;;;;;;a86a3725-dad4-46f3-8a7a-81d68a3946ae
22/02/2024;Bus;Transport;Cash;10000;EXPENSE;;;;;;;93ccac34-be5e-4b3c-8504-edf51d7f613e
22/02/2024;AtR;Transport;Metro Card;35000;EXPENSE;;;;;;;630b7038-0702-4b8e-adf5-8a7a54e89e22
21/02/2024;Snacks;Food & Drinks;Savings Bank;30000;EXPENSE;;;;;;;c31c32d5-b959-4913-853d-263d8425641a
21/02/2024;Bus;Transport;Cash;10000;EXPENSE;;;;;;;3cfb096f-72a9-4edd-aa47-b3e17da58afb
21/02/2024;RtA;Transport;Metro Card;35000;EXPENSE;;;;;;;51e37474-61ae-4527-a4d0-f2b324930fb5
21/02/2024;Recharge;Bills & Fees;Savings Bank;259000;EXPENSE;;;;;;;9790eae9-6d97-4779-b0d8-8acc525c3d2f
20/02/2024;Play store;Bills & Fees;Savings Bank;9000;EXPENSE;;;;;;;79ceb914-5c60-4e8c-a497-9ddd3c9d922c
20/02/2024;Bus;Transport;Cash;10000;EXPENSE;;;;;;;32de8e9c-fb09-4e3b-9508-1a00331b580b
20/02/2024;RtA;Transport;Metro Card;35000;EXPENSE;;;;;;;75850324-3443-49ee-89ca-7aec5cc54dbd
20/02/2024;AtR;Transport;Metro Card;35000;EXPENSE;;;;;;;ed5b0405-8c30-4abb-86db-be53123f7392
19/02/2024;Bus;Transport;Cash;10000;EXPENSE;;;;;;;20c71085-aa48-44ed-a48c-9f0b2f8dc72c
19/02/2024;RtA;Transport;Metro Card;35000;EXPENSE;;;;;;;c8088ac9-839c-4618-ba2f-2afba7656be4
19/02/2024;AtR;Transport;Savings Bank;35000;EXPENSE;;;;;;;2132e968-ad60-4321-a8b2-0894a42eb461
19/02/2024;Reacharge;Transport;Savings Bank;0;TRANSFER;INR;Metro Card;300;INR;;;2bfceddd-bccd-4b42-8430-b53359586443
18/02/2024;Biryani;Transport;Savings Bank;0;TRANSFER;INR;Cash;230;INR;;;805d8ed7-f77f-465c-8aff-c4f8cbd4d4e5
18/02/2024;Biryani 🍚;Food & Drinks;Savings Bank;250000;EXPENSE;;;;;;;f2afa71b-f8c2-42a9-a2a4-e2aa3d24e908
18/02/2024;Juice;Food & Drinks;Savings Bank;40000;EXPENSE;;;;;;;a5f17721-694a-4706-a280-8d6130c13171
18/02/2024;Snacks;Food & Drinks;Cash;40000;EXPENSE;;;;;;;994c153b-7e78-4836-bba0-c85a2d9107b1
18/02/2024;Book;Bills & Fees;Savings Bank;150000;EXPENSE;;;;;;;b6d991db-af2f-448d-aebb-9a66d949e77b
18/02/2024;Entry fee;Bills & Fees;Cash;50000;EXPENSE;;;;;;;f8b7204e-daf1-4c2d-9df0-89046ae8d011
17/02/2024;Bus pass;Bills & Fees;Savings Bank;430000;EXPENSE;;;;;;;92ce0350-9438-4955-8be1-cc7ef7389e40
17/02/2024;Juice;Food & Drinks;Savings Bank;20000;EXPENSE;;;;;;;1c093793-5337-4af0-8e1c-79695f2145ae
17/02/2024;Adjust balance;Transport;Cash;16000;EXPENSE;;;;;;;0a045302-ce7d-4e50-a9f2-c6139e251dcd
17/02/2024;Adjust balance;Transport;Savings Bank;130000;INCOME;;;;;;;8ada7b19-09e4-4d74-b9ab-5f41949650c4
16/02/2024;RtA;Transport;Metro Card;35000;EXPENSE;;;;;;;7298243c-ca0c-4d59-afd1-0c462d2d1708
16/02/2024;AtR;Transport;Metro Card;35000;EXPENSE;;;;;;;21df7b34-2d9f-4f08-8aa0-2446dd36ff00
15/02/2024;RtA;Transport;Metro Card;35000;EXPENSE;;;;;;;d6a8d284-8c53-4e73-8b34-37af1685b493
14/02/2024;Snack;Food & Drinks;Savings Bank;100000;EXPENSE;;;;;;;69e5903c-f9b5-4c14-a570-5f1f9afe4ffb
14/02/2024;Petrol;Transport;Savings Bank;100000;EXPENSE;;;;;;;8a95b62e-83fa-4320-8f44-956473cba9a6
14/02/2024;Petrol;Transport;Savings Bank;100000;EXPENSE;;;;;;;9f699824-40ff-44a6-9125-871fb9097bdd
13/02/2024;RtA;Transport;Metro Card;35000;EXPENSE;;;;;;;474e5115-4a65-4584-98a7-fe0faf7dfdb5
13/02/2024;Recharge;Transport;Savings Bank;0;TRANSFER;INR;Metro Card;200;INR;;;163e85e4-a4b3-4eb8-8e70-b50f0c21e07c
13/02/2024;AtR;Transport;Metro Card;35000;EXPENSE;;;;;;;ff1178f7-b374-4464-bf56-e0aba41084cb
13/02/2024;Bus;Transport;Cash;10000;EXPENSE;;;;;;;d3da38b8-6ccf-4f4e-935f-bd2c85a37a00
12/02/2024;RtA;Transport;Metro Card;35000;EXPENSE;;;;;;;7f89deed-d78b-4a12-9fea-3c1a1e4f68c0
12/02/2024;Bus;Transport;Cash;10000;EXPENSE;;;;;;;c29f37a8-a0d2-4234-b8cb-7628edf20d28
12/02/2024;Adjust balance;Transport;Metro Card;2000;INCOME;;;;;;;f40fb071-e685-493d-8aa2-6092d2fae6bb
11/02/2024;Snacks;Food & Drinks;Savings Bank;130000;EXPENSE;;;;;;;74249cc1-c199-4b99-8730-c6fc7b2dbdc8
10/02/2024;Snacks;Food & Drinks;Savings Bank;45000;EXPENSE;;;;;;;e0de97e9-4f44-43c3-b6d2-7993ee603f4e
10/02/2024;Auto;Transport;Cash;20000;EXPENSE;;;;;;;6eb0f01d-e750-4ff1-ab33-6dafaf42855d
09/02/2024;Snacks;Food & Drinks;Savings Bank;145000;EXPENSE;;;;;;;d42751f9-e321-4135-afde-cdf1a06abc56
09/02/2024;Pants;Bills & Fees;Savings Bank;998000;EXPENSE;;;;;;;060ac70f-bab8-4a4a-a097-6117fa1f624f
09/02/2024;;Transport;Savings Bank;2000;INCOME;;;;;;;279c0d55-905f-4251-be74-b63c3132954d
08/02/2024;Ice cream;Bills & Fees;Savings Bank;102000;EXPENSE;;;;;;;ad8e486c-5e2a-4a11-b9fe-193436acb103
08/02/2024;Pizza;Food & Drinks;Savings Bank;247000;EXPENSE;;;;;;;b01b3057-4d4c-42ca-a415-853988d601f4
08/02/2024;;Transport;Savings Bank;2000;EXPENSE;;;;;;;d838872e-9c06-45bc-938c-77fdaa1a262c
08/02/2024;Shirt;Bills & Fees;Savings Bank;999000;EXPENSE;;;;;;;1dc7a9b4-0430-4421-b4e4-46c4effd741c
08/02/2024;Pant;Bills & Fees;Savings Bank;799000;EXPENSE;;;;;;;471a4ec1-e19e-4733-b634-271fc9125516
07/02/2024;RtA;Transport;Savings Bank;35000;EXPENSE;;;;;;;dd5d2835-1b0a-471f-9f71-ec6d80ee22ae
07/02/2024;UPI lite;Bills & Fees;Savings Bank;1000;EXPENSE;;;;;;;63eddb48-80da-418f-a86b-dafd95195187
06/02/2024;Bus Pass;Transport;Savings Bank;440000;EXPENSE;;;;;;;99328e74-8724-4638-8d70-2d25bfcec92d
06/02/2024;Baba;Bills & Fees;Savings Bank;35000;EXPENSE;;;;;;;1d11a99a-7348-4949-ada7-30d3a8097e6f
05/02/2024;Withdraw;Transport;Savings Bank;0;TRANSFER;INR;Cash;400;INR;;;b7c0856f-3aae-41b7-84ac-6708a78ca23c
05/02/2024;Snacks;Food & Drinks;Savings Bank;90000;EXPENSE;;;;;;;b5cccc28-c12f-4413-9651-d8ecf7af23ce
05/02/2024;Exam;Bills & Fees;Savings Bank;400000;EXPENSE;;;;;;;deadec63-2646-49bb-9802-98112a167b2b
05/02/2024;Adjust balance;Transport;Cash;40000;EXPENSE;;;;;;;0e303bdc-09f4-47af-bf1f-2e165527d4cb
03/02/2024;Stonks;Bills & Fees;Savings Bank;4450;INCOME;;;;;;;820811e1-ba26-45d1-b860-f5368ff83e6a
03/02/2024;Baba birthday;Bills & Fees;Savings Bank;839000;EXPENSE;;;;;;;299ce943-18e0-4453-ae93-6fe02398e695
03/02/2024;Auto;Transport;Savings Bank;20000;EXPENSE;;;;;;;75624ff4-1667-4366-af86-9a159b53d3a8
03/02/2024;Baba;Bills & Fees;Savings Bank;35000;EXPENSE;;;;;;;053746fe-3d7b-45c3-b2d2-331b66013b70
02/02/2024;Petrol;Transport;Savings Bank;200000;EXPENSE;;;;;;;19717a84-a4af-458e-8f47-cb783c18e2f7
02/02/2024;Book;Bills & Fees;Savings Bank;299000;EXPENSE;;;;;;;6cbacbd5-65fd-4b8f-b06e-df2274b10d26
01/02/2024;Netflix;Bills & Fees;Savings Bank;99000;EXPENSE;;;;;;;fd6ef510-2661-4442-ab50-2993080907b4
01/02/2024;Snacks;Food & Drinks;Savings Bank;40000;EXPENSE;;;;;;;201d5cba-12b0-4bd1-8f39-4af868e31339
01/02/2024;Petrol;Bills & Fees;Savings Bank;100000;EXPENSE;;;;;;;3342c9d0-9954-418e-a794-368926d9a0bf
01/02/2024;Chotu;Bills & Fees;Savings Bank;100000;EXPENSE;;;;;;;7bf4d996-6c65-4aaf-b3e8-11d6e1920314
01/02/2024;Gym;Bills & Fees;Savings Bank;35000;EXPENSE;;;;;;;d691831c-f13e-43db-b7d0-47797e71314b
31/01/2024;Milk;Bills & Fees;Savings Bank;88000;EXPENSE;;;;;;;6f7937d1-4f19-43b0-8995-ce40e9f86c11
31/01/2024;Petrol;Transport;Savings Bank;100000;EXPENSE;;;;;;;d385a8ba-2629-4327-b06d-10858e5a3431
31/01/2024;Sid;Bills & Fees;Savings Bank;200000;EXPENSE;;;;;;;9cda5ee8-bf4c-4cb1-aaeb-3c06ca6383cd
31/01/2024;Baba;Bills & Fees;Savings Bank;35000;EXPENSE;;;;;;;e7880d54-b894-4a12-b013-5b03d16b27db
31/01/2024;Snacks;Food & Drinks;Savings Bank;60000;EXPENSE;;;;;;;b5dc83a3-cb88-42c5-a56f-47cb2239dc44
31/01/2024;Chotu;Bills & Fees;Savings Bank;100000;INCOME;;;;;;;0c443baf-5e95-445d-a5c2-656b2c7b1a09
31/01/2024;Petrol;Bills & Fees;Savings Bank;100000;EXPENSE;;;;;;;62118d67-5a0f-42f1-bb02-34099c26f44d
31/01/2024;Salary;Bills & Fees;Savings Bank;35000;INCOME;;;;;;;91a13914-921d-4b26-af25-d94368470f27
30/01/2024;Baba;Bills & Fees;Savings Bank;100000;EXPENSE;;;;;;;53b5304a-921f-4999-a557-43da2f06cf2a
30/01/2024;Sid;Bills & Fees;Savings Bank;200000;INCOME;;;;;;;c36b5ccf-3581-4fba-b88d-92479aaf151c
30/01/2024;Oil;Bills & Fees;Savings Bank;100000;EXPENSE;;;;;;;8c478434-6a8f-4a3a-a280-b2d1eb159b36
29/01/2024;Baba;Bills & Fees;Savings Bank;100000;INCOME;;;;;;;4e4ff565-4f96-4dde-bd08-0a07be2de96b
29/01/2024;RtA;Transport;Savings Bank;35000;EXPENSE;;;;;;;489ba951-574c-47e6-9f70-283a8625ac2b
29/01/2024;Tire;Bills & Fees;Savings Bank;700000;EXPENSE;;;;;;;07d637a4-e28a-427c-91c2-97166574c171
27/01/2024;Adjust balance;Transport;Cash;26000;INCOME;;;;;;;61362b52-55cd-4a35-870c-96c1075cb969
27/01/2024;Petrol;Bills & Fees;Savings Bank;250000;EXPENSE;;;;;;;73a54227-a3b9-4371-8991-757c3b4fb080
27/01/2024;Noodles;Food & Drinks;Savings Bank;60000;EXPENSE;;;;;;;8371faa5-187d-4cb7-9638-0f6dfaa81e66
27/01/2024;Xerox;Bills & Fees;Savings Bank;5000;EXPENSE;;;;;;;f1721a7d-5545-47bf-9b90-6b06960977d5
27/01/2024;Xerox;Bills & Fees;Savings Bank;27000;EXPENSE;;;;;;;a3ec4156-7982-452e-a216-0e24807db19c
26/01/2024;Snacks;Food & Drinks;Savings Bank;50000;EXPENSE;;;;;;;c28e68ff-8145-47dc-9f09-44961badf8e7
25/01/2024;Snacks;Food & Drinks;Savings Bank;120000;EXPENSE;;;;;;;bc569445-924a-4f41-ba8a-cfaebad5b670
24/01/2024;AtR;Transport;Savings Bank;35000;EXPENSE;;;;;;;e7e84fa0-cad7-4e3a-ab5f-bbbbb660fef4
24/01/2024;Adjust Balance;Transport;Savings Bank;1000;EXPENSE;;;;;;;82313b51-7a73-4fda-af6e-c7fadcd160c2
24/01/2024;License;Bills & Fees;Savings Bank;300000;EXPENSE;;;;;;;2b4c9f29-f45d-450b-97c2-90e5405939ab
23/01/2024;Snacks;Food & Drinks;Savings Bank;115000;EXPENSE;;;;;;;5e6505ce-b9a0-427c-a657-19dde6dc7019
22/01/2024;Grand original;Bills & Fees;Savings Bank;30000;EXPENSE;;;;;;;36f3eb09-6f6a-4e5b-91f8-8e41d93ef8a4
21/01/2024;Shampoo;Bills & Fees;Savings Bank;4000;EXPENSE;;;;;;;ee3dc653-328a-4970-8b6a-ef34275c8c66
21/01/2024;Haircut;Bills & Fees;Savings Bank;150000;EXPENSE;;;;;;;999ee300-2c54-46fa-b342-1de14cfea372
20/01/2024;Recharge;Bills & Fees;Savings Bank;259000;EXPENSE;;;;;;;08b1619c-e9fd-4495-bbcc-34657dd1f02c
20/01/2024;Auto;Transport;Cash;20000;EXPENSE;;;;;;;38b21bfe-b68e-4d98-b6ef-32dcbeac1926
18/01/2024;Auto;Transport;Cash;20000;EXPENSE;;;;;;;1c861ef9-f216-41f8-b4a7-83fed31c724d
18/01/2024;Snacks;Food & Drinks;Savings Bank;111000;EXPENSE;;;;;;;1e9d9edb-85aa-423c-b725-9112a2f93daf
16/01/2024;Juice;Food & Drinks;Savings Bank;20000;EXPENSE;;;;;;;066cda8c-34ac-483b-9fae-86c251c0b718
16/01/2024;Shawarma 🌯;Food & Drinks;Savings Bank;130000;EXPENSE;;;;;;;325d7ce7-3b80-458e-bc2e-2a6f99e0e66e
16/01/2024;Bike;Transport;Savings Bank;30000;EXPENSE;;;;;;;e5bc106a-3d23-4934-a2f6-0fa7899c38a0
16/01/2024;Auto;Transport;Cash;20000;EXPENSE;;;;;;;fb002695-e190-4f6d-98d4-d13ca75ccaa4
16/01/2024;Rent;Bills & Fees;Savings Bank;35000;EXPENSE;;;;;;;064cbb70-db59-4ef3-942d-06baaae83f6b
15/01/2024;Juice;Food & Drinks;Savings Bank;75000;EXPENSE;;;;;;;ab0b6158-98bd-4e51-b064-e2fc9936c691
14/01/2024;Recharge;Bills & Fees;Savings Bank;900;EXPENSE;;;;;;;145120d9-1acd-4e76-aea0-3f989b3cb972
13/01/2024;Snack;Transport;Savings Bank;30000;EXPENSE;;;;;;;7e8df008-d9ee-47e8-85e1-7edb5b8926bc
13/01/2024;Snacks;Bills & Fees;Savings Bank;60000;EXPENSE;;;;;;;fac77f58-e2be-4305-9b5f-41235fb83dc6
13/01/2024;Auto;Transport;Cash;20000;EXPENSE;;;;;;;ff44294b-b77b-44d5-be45-ab449073ba8d
12/01/2024;RtA;Transport;Savings Bank;35000;EXPENSE;;;;;;;65c1add8-7f6f-4a18-8b1b-c6c3fc84c9de
12/01/2024;Burger AM;Food & Drinks;Savings Bank;99000;EXPENSE;;;;;;;719cc580-7a38-4261-8b62-fb8b1b06750f
12/01/2024;Breakfast;Food & Drinks;Savings Bank;30000;EXPENSE;;;;;;;f2509f7f-43ee-4eab-9603-1d246916f308
11/01/2024;Aloo bhujia;Food & Drinks;Savings Bank;10000;EXPENSE;;;;;;;afc9d2e4-50a3-4659-ab86-885cbaf2be50
11/01/2024;Adjust balance;Transport;Cash;16000;INCOME;;;;;;;88e8d97e-5ba9-4ef9-8eef-6815400831f2
11/01/2024;Something;Transport;Cash;5000;EXPENSE;;;;;;;92044b8c-15a9-42e3-a82c-a5de71d776a0
11/01/2024;Stonks;Bills & Fees;Savings Bank;400000;EXPENSE;;;;;;;631b0e48-8bdb-4b11-a232-5a8f05614a64
11/01/2024;Bus;Transport;Cash;10000;EXPENSE;;;;;;;3b02b38c-294f-46bc-99a9-1ae80f912127
11/01/2024;AtR;Transport;Metro Card;35000;EXPENSE;;;;;;;b3b6b50d-2ce5-4bb4-96c7-6d498e8f7a63
10/01/2024;AtR;Transport;Metro Card;35000;EXPENSE;;;;;;;25745581-b08b-45fe-a7a8-b7beb53b435e
10/01/2024;Auto;Transport;Savings Bank;20000;EXPENSE;;;;;;;832fc5ad-8ad1-4d90-aa63-a37be9bf5646
09/01/2024;Sid PayUp;Bills & Fees;Savings Bank;200000;EXPENSE;;;;;;;d6457ef5-8369-4902-9d0f-a0b01a4c8b14
09/01/2024;Adjust balance;Transport;Savings Bank;50220;EXPENSE;;;;;;;767d6824-19d2-4f20-9aaf-bc9575386cdc
09/01/2024;Adjust balance;Transport;Cash;20000;EXPENSE;;;;;;;5417947f-d604-4ce8-8e2d-96d51ecd8fae
09/01/2024;Sid PayUp;Bills & Fees;Savings Bank;200000;INCOME;;;;;;;81ba4bd5-29e6-4e82-9ba9-3e53b50bb099
09/01/2024;RtA;Transport;Savings Bank;35000;EXPENSE;;;;;;;026d61f6-1c38-42dc-b3df-6d43d7ab8e82
09/01/2024;Recharge;Transport;Savings Bank;0;TRANSFER;INR;Metro Card;100;INR;;;3cb293f6-822e-4eef-837c-18447b92de5f
09/01/2024;Bus;Transport;Cash;20000;EXPENSE;;;;;;;67b5b70e-1701-4569-a03d-2fcc9d4f776d
08/01/2024;Payup;Food & Drinks;Savings Bank;280000;EXPENSE;;;;;;;30df268f-7cd4-4ba5-b1d4-519392b32fb1
08/01/2024;Scholarship;Bills & Fees;Savings Bank;40000;EXPENSE;;;;;;;c6424fc9-89bd-4b4a-98a3-e7b725236291
07/01/2024;Juice;Food & Drinks;Cash;25000;EXPENSE;;;;;;;a64977ee-015c-4a62-bb84-7134a2d35f55
07/01/2024;Gala nyt;Bills & Fees;Savings Bank;600000;EXPENSE;;;;;;;61dab4a8-4da2-458e-8d60-d2c686574151
07/01/2024;Parking;Bills & Fees;Savings Bank;15000;EXPENSE;;;;;;;0d8de94b-38b2-4364-aa40-39e8d234817d
07/01/2024;Stationary;Bills & Fees;Savings Bank;72000;EXPENSE;;;;;;;2547211d-5d50-483a-8225-f077ad54d5e0
06/01/2024;Auto;Transport;Cash;20000;EXPENSE;;;;;;;d797f742-d7c8-4344-b5cc-c58aa6c0fcf8
06/01/2024;Bus;Transport;Cash;10000;EXPENSE;;;;;;;e75f945f-0986-4222-9c1c-58839b645150
06/01/2024;Auto;Transport;Cash;20000;EXPENSE;;;;;;;593376ba-9009-4dbe-a7fc-b0aab77f2a86
04/01/2024;Snacks;Food & Drinks;Savings Bank;60000;EXPENSE;;;;;;;79fcbca7-4bbd-4ac9-a3ee-76c6663b6252
04/01/2024;Auto;Transport;Cash;20000;EXPENSE;;;;;;;a40a2cfb-b43f-49ca-9e28-49bfc915b071
02/01/2024;Auto;Transport;Cash;20000;EXPENSE;;;;;;;8139b955-d2d0-4155-9962-85b5c088d0d4
02/01/2024;Snacks;Food & Drinks;Savings Bank;50000;EXPENSE;;;;;;;7d6bedb3-c626-44d2-b41e-ffd416862e62
02/01/2024;Auto;Transport;Savings Bank;20000;EXPENSE;;;;;;;197883a7-a5d4-4098-9b61-eab1bf02ee18
02/01/2024;Bus;Transport;Cash;10000;EXPENSE;;;;;;;8ca07f59-8da9-440a-8b5c-7607697c86ef
01/01/2024;Cake;Food & Drinks;Savings Bank;300000;EXPENSE;;;;;;;ef6a730e-df15-4196-b8ce-0957a2756605
01/01/2024;Party;Bills & Fees;Savings Bank;350000;EXPENSE;;;;;;;7a9b8b35-3fd9-4c1d-97dd-96c956c79c24
30/12/2023;Breakfast;Food & Drinks;Savings Bank;30000;EXPENSE;;;;;;;7f731550-8f09-4bdb-b2d4-844c7a5bc2eb
29/12/2023;Goje Payback;Bills & Fees;Savings Bank;30000;INCOME;;;;;;;7cd29b8d-31a1-44a6-8c42-e500b7de2d29
29/12/2023;Snacks;Food & Drinks;Savings Bank;100000;EXPENSE;;;;;;;29bade65-f8aa-46b2-8bfd-382fd9ddc330
29/12/2023;Help;Transport;Cash;0;TRANSFER;INR;Savings Bank;100;INR;;;5f54fa70-0c1d-4e3d-8475-688a686a2e61
29/12/2023;Bus;Transport;Cash;10000;EXPENSE;;;;;;;b17c4c25-b81b-4c0a-b78d-8600a6a4fd2d
29/12/2023;Auto;Transport;Cash;20000;EXPENSE;;;;;;;ba6312a5-e59a-4bde-a5ae-aa4285445a7f
28/12/2023;Salary;Bills & Fees;Savings Bank;35000;INCOME;;;;;;;f3710b81-8a94-4428-9201-2549ad433814
28/12/2023;Breakfast;Food & Drinks;Savings Bank;30000;EXPENSE;;;;;;;51715b02-1f3f-407f-9a9e-9431ba36ab0f
27/12/2023;Auto;Transport;Savings Bank;20000;EXPENSE;;;;;;;91540772-f567-486e-a624-d50a242dc7ea
27/12/2023;Auto;Transport;Cash;20000;EXPENSE;;;;;;;d83bdd1e-f363-4473-9f37-7c022c870bfb
27/12/2023;Stationary;Bills & Fees;Savings Bank;35000;EXPENSE;;;;;;;eafd68d0-0f52-4047-846f-548fc37f6797
27/12/2023;Bus;Transport;Cash;10000;EXPENSE;;;;;;;88f10926-281c-4e31-9042-649aea871b3e
26/12/2023;Snacks;Food & Drinks;Savings Bank;30000;EXPENSE;;;;;;;b2057cd4-7448-409f-bd64-8e65271e453d
26/12/2023;Lunch;Food & Drinks;Savings Bank;70000;EXPENSE;;;;;;;925a2fb3-aeb4-44aa-ac95-66016b19dadc
26/12/2023;Adjust balance;Transport;Cash;45000;EXPENSE;;;;;;;560c90bf-384c-428b-8848-f8c5f856b0bc
26/12/2023;Breakfast;Food & Drinks;Savings Bank;35000;EXPENSE;;;;;;;68920597-14a9-4714-acda-91e6bd6858d9
25/12/2023;Bread;Food & Drinks;Savings Bank;70000;EXPENSE;;;;;;;d273d514-16d5-4562-827e-634eff37c6b3
25/12/2023;Lunch;Food & Drinks;Savings Bank;220000;EXPENSE;;;;;;;314faab6-0494-4b3d-9c84-db829002fba4
25/12/2023;Tea;Food & Drinks;Savings Bank;20000;EXPENSE;;;;;;;92f04311-07a7-493b-84ad-d38adcd7222d
25/12/2023;Water;Food & Drinks;Savings Bank;20000;EXPENSE;;;;;;;33223069-48e7-427a-a8c0-1c4efd525528
25/12/2023;Breakfast;Food & Drinks;Savings Bank;60000;EXPENSE;;;;;;;09c3c51f-7cfa-4647-a21e-080e67e542dd
25/12/2023;Breakfast;Food & Drinks;Savings Bank;40000;EXPENSE;;;;;;;6cb14088-4659-473b-81b3-a17246ae6b18
25/12/2023;Chicken keema;Food & Drinks;Savings Bank;187200;EXPENSE;;;;;;;2290db9f-0eff-4600-bf8f-1f02ff51ca32
25/12/2023;Interest;Transport;Savings Bank;30000;INCOME;;;;;;;fdc8188b-e3f1-432f-bcb4-e6e40b268f69
24/12/2023;Breakfast;Food & Drinks;Savings Bank;30000;EXPENSE;;;;;;;4ce9edcc-510e-4d4f-af17-0ad31309a72f
24/12/2023;Coffee;Food & Drinks;Savings Bank;4000;EXPENSE;;;;;;;f1663574-2517-4cd1-ab38-d1003184b98e
24/12/2023;Coffee;Food & Drinks;Cash;10000;EXPENSE;;;;;;;9674d36a-6dbb-4ce4-b604-48032c7c4d0c
23/12/2023;Recharge;Bills & Fees;Savings Bank;259000;EXPENSE;;;;;;;15ffd4c8-96c6-4997-ac8c-e963264cdc8d
22/12/2023;Snacks;Food & Drinks;Savings Bank;60000;EXPENSE;;;;;;;5adc0ffc-c353-4a97-8a3e-450e9c600802
22/12/2023;Payup;Bills & Fees;Cash;200000;INCOME;;;;;;;b2f78cc3-5ec5-4c58-b4ec-7e91b945521e
22/12/2023;Payup;Bills & Fees;Savings Bank;700000;INCOME;;;;;;;b9b9f487-3b24-49f7-8a74-48e0a93c0fc9
22/12/2023;Auto;Transport;Savings Bank;20000;EXPENSE;;;;;;;f8a0462a-deae-48e8-b068-0ffdb31fd8df
22/12/2023;Ticket refund;Bills & Fees;Savings Bank;170560;INCOME;;;;;;;e45c43ce-01d1-4bc6-820d-8dfc1d1e28ab
22/12/2023;Juice;Food & Drinks;Savings Bank;130000;EXPENSE;;;;;;;7a63f8ae-377a-4c0e-9311-42c1f87eeddd
22/12/2023;Payup;Food & Drinks;Savings Bank;40000;INCOME;;;;;;;aa757e90-f3c6-4909-9b04-0d1533979761
22/12/2023;Pizza;Food & Drinks;Savings Bank;170000;EXPENSE;;;;;;;a27cab20-3ec8-43ff-902b-7dfa2f4f3a6e
21/12/2023;Tickets;Bills & Fees;Savings Bank;376000;EXPENSE;;;;;;;4f355e8f-e329-4cb0-a5df-04fd184f46cd
21/12/2023;Gift 🎁;Bills & Fees;Savings Bank;35000;EXPENSE;;;;;;;62394bcb-5474-40b1-b1fa-b075914a0d22
21/12/2023;Stonks Return;Bills & Fees;Savings Bank;83660;INCOME;;;;;;;564e1375-e344-4d95-8cf8-9278ea337875
20/12/2023;Shawarma 🌯;Food & Drinks;Savings Bank;330000;EXPENSE;;;;;;;6c5084ec-96b0-4cbf-8769-97a6dae9c6b3
20/12/2023;Snacks;Food & Drinks;Savings Bank;55000;EXPENSE;;;;;;;6c8e4ece-88fc-4fb6-a1c0-dc205e6fa7d7
20/12/2023;Recharge;Bills & Fees;Savings Bank;257900;EXPENSE;;;;;;;432f3a72-7f95-452e-a183-330f5ec1ace1
20/12/2023;Bus;Transport;Cash;10000;EXPENSE;;;;;;;833c381f-09a6-4375-a592-2c06d15b929d
20/12/2023;Auto;Transport;Cash;20000;EXPENSE;;;;;;;c2054475-c241-40f7-9c5a-d4f855f2b304
20/12/2023;Snacks;Food & Drinks;Savings Bank;35000;EXPENSE;;;;;;;e466961d-3da5-4312-87de-da40811cd2c9
19/12/2023;Cashback;Bills & Fees;Savings Bank;3000;INCOME;;;;;;;dfd5ce4d-baa0-401b-a51f-9aca90e78b84
18/12/2023;Adjust balance;Transport;Cash;300000;INCOME;;;;;;;a1a3727b-0a2c-453a-856c-b3f90593b6e7
18/12/2023;Adjust balance;Transport;Savings Bank;2000;INCOME;;;;;;;227456ba-8dbb-49c1-976b-ee2098f72a41
18/12/2023;Weekend;Food & Drinks;Savings Bank;290000;EXPENSE;;;;;;;021cb38e-ae47-4155-8e6d-9522e7974d9e
16/12/2023;Card maintenance;Bills & Fees;Savings Bank;295000;EXPENSE;;;;;;;0a817829-a0cb-48e0-b62a-47648d904c5b
16/12/2023;Bus Pass;Transport;Savings Bank;430000;EXPENSE;;;;;;;fa98d231-86e3-48ca-bbc7-f27c18c906aa
16/12/2023;Auto;Transport;Savings Bank;20000;EXPENSE;;;;;;;6c3559f3-063a-4a61-99ce-e594dc0d0f7f
15/12/2023;Goje Payback;Food & Drinks;Cash;30000;INCOME;;;;;;;722e9e7e-e308-4518-9c9f-84de96dd7acb
15/12/2023;Sid PayUp;Food & Drinks;Savings Bank;40000;INCOME;;;;;;;32e61c00-796a-4f82-9652-5eaf8834d154
15/12/2023;Juice;Food & Drinks;Savings Bank;40000;EXPENSE;;;;;;;949bb309-7699-43ff-ab60-ae179a9f7a40
15/12/2023;Snacks;Food & Drinks;Savings Bank;105000;EXPENSE;;;;;;;e2badeca-ef83-42a0-826d-c3af2c8d58dc
15/12/2023;Auto;Transport;Cash;20000;EXPENSE;;;;;;;40408840-9681-4dfb-83ce-630136d9d928
15/12/2023;Snacks;Food & Drinks;Cash;70000;EXPENSE;;;;;;;11788ec1-f814-4697-b451-4f2ca8cf80ac
14/12/2023;Snacks;Food & Drinks;Savings Bank;30000;EXPENSE;;;;;;;4702862d-7184-4f1f-83e3-5eed5c68bdf3
13/12/2023;Biryani;Bills & Fees;Savings Bank;520000;EXPENSE;;;;;;;15fbbcaa-c866-4c18-bd6a-2aa0aefc8e6a
13/12/2023;Bus;Transport;Cash;10000;EXPENSE;;;;;;;1ac59627-12e6-410d-9ef0-91a26cabbd63
13/12/2023;Bus;Transport;Cash;10000;EXPENSE;;;;;;;da31bb5f-8e99-4b57-beb5-c404d401e588
13/12/2023;Auto;Transport;Cash;20000;EXPENSE;;;;;;;f17424d4-1ed1-4ad7-9c2e-8f146bdcfc30
12/12/2023;Auto;Transport;Cash;20000;EXPENSE;;;;;;;9334ad1f-3f44-4c6c-aa73-5013d4884b73
12/12/2023;Bus;Transport;Cash;10000;EXPENSE;;;;;;;a7f9d52d-ffe2-40d3-a930-5154f8a4695d
11/12/2023;Adjust balance;Transport;Savings Bank;2000;EXPENSE;;;;;;;8abfcea0-95bc-45eb-9ee6-bcb4b40a3910
11/12/2023;Snacks;Food & Drinks;Savings Bank;30000;EXPENSE;;;;;;;a9ceb49f-af47-46a4-ae34-e28e160e5d90
11/12/2023;Auto;Transport;Savings Bank;20000;EXPENSE;;;;;;;7417866f-e161-4d98-9a1c-a10bf266f2f9
10/12/2023;Bonda;Food & Drinks;Savings Bank;30000;EXPENSE;;;;;;;6ba81c07-7f94-4e7d-8515-7da2db290db5
09/12/2023;Snacks;Food & Drinks;Savings Bank;130000;EXPENSE;;;;;;;932e96d5-6fbb-4cdd-99a5-4d9552980303
09/12/2023;Gpay;Bills & Fees;Savings Bank;25000;INCOME;;;;;;;f0dd3e5d-addf-405b-9e30-80b577fcf816
09/12/2023;;Transport;Metro Card;2000;EXPENSE;;;;;;;f9009d96-9237-4805-8ab6-fa03030094ba
09/12/2023;Auto;Transport;Cash;20000;EXPENSE;;;;;;;43113418-56e2-4138-81de-33491deed52c
08/12/2023;Snacks;Food & Drinks;Savings Bank;70000;EXPENSE;;;;;;;13d6b68a-fa12-495d-aec6-c7aee22d5ca5
08/12/2023;Adjust balance;Transport;Savings Bank;5000;EXPENSE;;;;;;;4d21e110-458c-4fe8-88fe-0495ba21877b
08/12/2023;Printouts;Bills & Fees;Savings Bank;10000;EXPENSE;;;;;;;2f584bfb-8f02-43ef-94dc-629a4c96a2f1
08/12/2023;Coke;Food & Drinks;Savings Bank;15000;EXPENSE;;;;;;;ba9bad5d-11e4-422b-b952-e27c8b4e85ca
08/12/2023;Adjust balance;Transport;Cash;95000;INCOME;;;;;;;4a29507c-1e41-48de-920f-a16b6081b3fe
07/12/2023;Auto;Transport;Savings Bank;20000;EXPENSE;;;;;;;060098bc-c3e6-4127-bec0-314ceee81267
07/12/2023;Withdraw;Transport;Savings Bank;500000;EXPENSE;;;;;;;4a369309-254a-4469-be93-b466e6fd2c07
07/12/2023;Auto;Transport;Cash;20000;EXPENSE;;;;;;;dcee1de9-e613-4e76-ab56-b4b98780226f
07/12/2023;Adjust balance;Transport;Cash;20000;EXPENSE;;;;;;;14b0a044-46e0-47d3-bbad-2315fdd6d44b
07/12/2023;Bus;Transport;Cash;10000;EXPENSE;;;;;;;d86aa26b-d80b-4589-9321-6f471dbeea4f
06/12/2023;Bus;Transport;Cash;10000;EXPENSE;;;;;;;97f40cea-dfc0-4f1c-879c-83f64ae5b23c
06/12/2023;Help;Transport;Savings Bank;0;TRANSFER;INR;Cash;120;INR;;;28980670-9ac1-424a-9134-942c644228bb
06/12/2023;Auto;Transport;Savings Bank;20000;EXPENSE;;;;;;;917b2e0c-b7c5-4898-82e9-cf95d7e5195c
06/12/2023;Adjust balance;Transport;Cash;80000;INCOME;;;;;;;624717d4-2452-41ec-a6c5-c0bb5541ee35
06/12/2023;Auto;Transport;Cash;20000;EXPENSE;;;;;;;a0bd2045-5f35-4511-967e-219381209062
06/12/2023;Bus;Transport;Cash;10000;EXPENSE;;;;;;;24d3cbba-346c-49ec-a017-dc9df7c04d86
05/12/2023;Bus;Transport;Cash;10000;EXPENSE;;;;;;;90c9e9aa-ad63-4f7c-9669-3fe8f1d1cc77
05/12/2023;Auto;Transport;Cash;20000;EXPENSE;;;;;;;eb990cdf-34c5-427f-a0c6-f502dd37ccf6
04/12/2023;Snacks;Food & Drinks;Savings Bank;75000;EXPENSE;;;;;;;34f0f184-0b17-4687-8594-7e8d8838ea44
04/12/2023;Jalebi;Food & Drinks;Savings Bank;50000;EXPENSE;;;;;;;d4df7376-a3d8-4106-a6c0-74953da4fd3b
04/12/2023;Bus;Transport;Cash;10000;EXPENSE;;;;;;;0333ad03-2361-4755-baaa-76cddc71ad85
04/12/2023;Auto;Transport;Savings Bank;20000;EXPENSE;;;;;;;9b5c9e93-b048-489a-9360-83e610a4cdcf
02/12/2023;Bus;Transport;Cash;10000;EXPENSE;;;;;;;69f4b6ea-4a8e-451d-a029-3bf1648d0dc0
02/12/2023;RtA;Transport;Metro Card;35000;EXPENSE;;;;;;;149baa0f-5ff3-4cae-8ea8-7cdfbbba2690
01/12/2023;Bus;Transport;Cash;20000;EXPENSE;;;;;;;cfb4c1f4-da4c-44a7-acce-d6bc646f89e3
01/12/2023;Adjust balance;Transport;Cash;10000;EXPENSE;;;;;;;663673ed-628e-424e-a8f4-6a5a32fb1650
01/12/2023;Chotu;Bills & Fees;Savings Bank;220000;INCOME;;;;;;;3c87fc82-daee-4b05-8e01-01c4789e99ef
01/12/2023;AtrR;Transport;Metro Card;35000;EXPENSE;;;;;;;946ba742-cc88-4dd1-95d5-0d53bb4bf601
29/11/2023;RtA;Transport;Metro Card;35000;EXPENSE;;;;;;;0459d289-e983-483c-af6b-1d528f163ac3
29/11/2023;AtrR;Transport;Metro Card;35000;EXPENSE;;;;;;;88ecfc83-404b-490c-9963-f38ee50dc1f7
29/11/2023;Bus;Transport;Cash;20000;EXPENSE;;;;;;;30854bf7-334a-42c0-9d0b-1d6b04c5abb2
29/11/2023;Biryani 🍚;Food & Drinks;Savings Bank;520000;EXPENSE;;;;;;;5ac33667-4651-4eb3-8aa5-ac9ca397dcd8
29/11/2023;Shawarma 🌯;Food & Drinks;Savings Bank;140000;EXPENSE;;;;;;;644e88bf-4972-4c7a-bba4-e778ea416246
29/11/2023;Lunch payup;Food & Drinks;Savings Bank;552000;EXPENSE;;;;;8500264412;;26a94d5a-a6cc-4471-98fb-dd2aa21a5d71
29/11/2023;Baba;Bills & Fees;Savings Bank;35000;EXPENSE;;;;;;;8856a324-0da0-4c9d-adc6-477450008e2f
29/11/2023;Salary;Transport;Savings Bank;35000;INCOME;;;;;;;2971c087-5442-42c5-b4e6-78430170b8c4
29/11/2023;Chotu;Bills & Fees;Savings Bank;20000;EXPENSE;;;;;;;ec8b5888-2e6c-4fe9-aa32-238781160408
28/11/2023;Auto;Transport;Cash;20000;EXPENSE;;;;;;;197bdb56-9809-439e-8b0c-e9473f4b000b
28/11/2023;Juice;Food & Drinks;Savings Bank;20000;EXPENSE;;;;;;;0ce745aa-d387-4c37-8c9a-c6f7641e55be
27/11/2023;AtrR;Transport;Metro Card;35000;EXPENSE;;;;;;;2a2d238e-53fe-48e3-9626-19f2cfc548a9
26/11/2023;Bus;Transport;Cash;10000;EXPENSE;;;;;;;be0f701d-f9ab-45da-9830-c0cbae52d003
26/11/2023;Snacks;Food & Drinks;Savings Bank;30000;EXPENSE;;;;;;;421ea41d-bb8d-4b03-8968-046626bf6439
26/11/2023;Shampoo;Bills & Fees;Savings Bank;4000;EXPENSE;;;;;;;7b06ff54-c71c-4b0a-9ed4-390580574d3f
25/11/2023;Auto;Transport;Cash;20000;EXPENSE;;;;;;;644d7776-1db9-4133-98c9-e5c91ad25ae1
25/11/2023;Adjust balance;Transport;Savings Bank;19200;EXPENSE;;;;;;;ee99e108-e2ac-4520-86b6-4881d2b200da
25/11/2023;Exam fees;Bills & Fees;Savings Bank;800000;EXPENSE;;;;;;;0cb50773-b197-4d35-bd06-ac371e7557ad
24/11/2023;Snacks;Food & Drinks;Savings Bank;35000;EXPENSE;;;;;;;1b90f7f7-9f52-43fd-be51-b292e463bc70
23/11/2023;Bus;Transport;Cash;10000;EXPENSE;;;;;;;5c9dc391-1da4-423a-806f-81c431c30a13
23/11/2023;AtrR;Transport;Metro Card;35000;EXPENSE;;;;;;;1feb75ee-36a2-4182-b4cd-cf5e94ea0bdd
23/11/2023;Something;Bills & Fees;Savings Bank;50000;EXPENSE;;;;;;;1a57d7b8-8980-42b3-9d9e-fa710bc78cfe
22/11/2023;Recharge;Transport;Savings Bank;0;TRANSFER;INR;Metro Card;200;INR;;;5e323923-50fe-44ed-a480-e9dae86c7aa7
22/11/2023;AtrR;Transport;Metro Card;35000;EXPENSE;;;;;;;6804ce0f-f9b8-4e80-8557-ce640fea5e7e
22/11/2023;Bus;Transport;Cash;10000;EXPENSE;;;;;;;41f23d61-4e65-4fa3-8704-2ad9a0be0e81
21/11/2023;Curd;Bills & Fees;Savings Bank;46000;EXPENSE;;;;;;;97c3a6b9-0d85-4d13-b1d9-c14155b1b5ff
21/11/2023;Snacks;Food & Drinks;Savings Bank;30000;EXPENSE;;;;;;;0869a6f5-c8b4-434b-9ceb-ab4f5367c691
21/11/2023;Bus;Transport;Cash;10000;EXPENSE;;;;;;;d63fad3a-737c-4f49-87bf-1e91b4c740f8
21/11/2023;Chotu pass;Bills & Fees;Savings Bank;200000;EXPENSE;;;;;;;e7362139-393e-4fc0-aecc-3e95e0e2d2a9
21/11/2023;AtrR;Transport;Metro Card;35000;EXPENSE;;;;;;;71dd54b2-734f-415e-9055-6bf8cfec6ba6
21/11/2023;Recharge;Bills & Fees;Savings Bank;259000;EXPENSE;;;;;;;277bf617-06c2-48a9-9b41-bd2492f4d0a0
20/11/2023;Bus;Transport;Cash;10000;EXPENSE;;;;;;;8b2b2cd4-076a-446c-8c78-a7611661f4b8
20/11/2023;Maa;Bills & Fees;Cash;50000;EXPENSE;;;;;;;24fa34a0-5b3a-412a-a7aa-48c00303ebd9
20/11/2023;AtR;Transport;Metro Card;35000;EXPENSE;;;;;;;543d9103-afdf-4de5-8fbf-a3a2f3341f58
19/11/2023;Adjust balance;Transport;Cash;20000;INCOME;;;;;;;50add2df-c653-4fc9-974e-08c8c8f58433
18/11/2023;Bus pass;Transport;Savings Bank;430000;EXPENSE;;;;;;;f69aa535-adb7-4041-ae57-b932274200d9
18/11/2023;Auto;Transport;Cash;20000;EXPENSE;;;;;;;7c2b7f37-3ca9-4b96-84bb-795c65da17f2
18/11/2023;Bus;Transport;Cash;10000;EXPENSE;;;;;;;a7e94197-1ee2-46a3-aec3-21da0ba57087
17/11/2023;Withdraw;Transport;Savings Bank;0;TRANSFER;INR;Cash;200;INR;;;18f48998-134d-4716-aefd-4a57806c7d5f
17/11/2023;Saman;Bills & Fees;Savings Bank;153000;EXPENSE;;;;;;;b4c82d8c-d379-41fa-a79f-1ce7b917e010
17/11/2023;Bus;Transport;Cash;10000;EXPENSE;;;;;;;ebea9cf2-b39e-49c3-8263-40e3d5896c16
17/11/2023;AtR;Transport;Metro Card;35000;EXPENSE;;;;;;;9f6d08fe-6f10-4927-9260-68795190105f
16/11/2023;RtA;Transport;Metro Card;35000;EXPENSE;;;;;;;9b7679df-89b6-4a40-a3b7-e8932e98d504
16/11/2023;Bus;Transport;Cash;10000;EXPENSE;;;;;;;d12a9c4e-8d52-4701-a49a-2b2deda9d52f
16/11/2023;Adjust balance;Transport;Cash;20000;EXPENSE;;;;;;;adcde3b9-cc7d-481e-a4de-7f845e385a4e
16/11/2023;AtR;Transport;Metro Card;35000;EXPENSE;;;;;;;ecb52348-a164-4efc-8352-a21dd462df24
16/11/2023;Recharge;Transport;Savings Bank;0;TRANSFER;INR;Metro Card;200;INR;;;58b7c8b9-836b-457f-8c6d-17916d6b4bd6
15/11/2023;AtR;Transport;Savings Bank;35000;EXPENSE;;;;;;;37772232-b8e2-4688-bc24-9c6aa69ee339
14/11/2023;Adjust balance;Transport;Savings Bank;13200;INCOME;;;;;;;81727d8f-e26e-4268-9cf6-200aa3bce138
14/11/2023;Auto;Transport;Cash;20000;EXPENSE;;;;;;;bb532962-fe2e-4b2a-802c-11002d2c675a
14/11/2023;Maa;Transport;Cash;20000;EXPENSE;;;;;;;20446408-5a15-414b-990c-e3d29e2f652a
13/11/2023;Print;Bills & Fees;Savings Bank;100000;EXPENSE;;;;;;;fcdaadae-f40a-41d5-a814-90fdda1fc01d
13/11/2023;AtR;Transport;Savings Bank;35000;EXPENSE;;;;;;;3f4284fc-a72f-4953-b7e1-878dfe903ae0
12/11/2023;Snacks;Food & Drinks;Savings Bank;70000;EXPENSE;;;;;;;7798f163-4dfa-40e2-8207-a1fd2fde64bd
12/11/2023;Clothes;Bills & Fees;Savings Bank;35000;EXPENSE;;;;;;;b26a5e5c-4ac5-4c0e-a4b2-16477d2fd01f
12/11/2023;Clothes;Bills & Fees;Savings Bank;35000;EXPENSE;;;;;;;bd2bd52e-5cbc-4733-ab4f-13ea9c98f284
11/11/2023;Snacks;Food & Drinks;Savings Bank;105000;EXPENSE;;;;;;;c948a557-c0b0-421b-81ed-e22f2d39f155
11/11/2023;Snacks;Food & Drinks;Savings Bank;140000;EXPENSE;;;;;;;fe578deb-0f74-4840-8139-f4211f883d5d
11/11/2023;Bus;Transport;Cash;10000;EXPENSE;;;;;;;bc5e6d26-42c9-43f6-abde-f9b07ff98957
11/11/2023;Auto;Transport;Cash;20000;EXPENSE;;;;;;;95fa706e-7e4b-407f-93e3-dcb6f49efc0d
10/11/2023;Haircut;Bills & Fees;Savings Bank;150000;EXPENSE;;;;;;;843b38b6-8935-41a6-90fa-c1663295a12c
10/11/2023;Bus;Transport;Cash;10000;EXPENSE;;;;;;;3f85c317-ed8f-498b-8a7b-3c420d50181a
10/11/2023;RtA;Transport;Metro Card;35000;EXPENSE;;;;;;;c6365a43-e34d-4c9b-b629-c3db459fbcba
10/11/2023;AtR;Transport;Metro Card;35000;EXPENSE;;;;;;;7aafd1e1-88fb-4d26-bead-a42530d0bfc4
09/11/2023;AtR;Transport;Metro Card;35000;EXPENSE;;;;;;;1195ea9c-4627-46a1-bb49-2e877cb3e8ba
09/11/2023;RtA;Transport;Metro Card;35000;EXPENSE;;;;;;;850c874a-9796-4dd1-a8c8-2d2cc8ed55bf
09/11/2023;Bus;Transport;Cash;10000;EXPENSE;;;;;;;b1473f0a-b561-420b-a8e8-0722b3642027
08/11/2023;RtA;Transport;Metro Card;35000;EXPENSE;;;;;;;33a81c8a-4cff-410d-bdea-28695365f00e
08/11/2023;AtR;Transport;Metro Card;35000;EXPENSE;;;;;;;e2d505a6-3bf0-404c-833c-d84ea1f7d3ca
08/11/2023;DishTV;Bills & Fees;Savings Bank;220000;EXPENSE;;;;;;;3c2021b3-92f8-4a91-b343-8c321411edf4
08/11/2023;Juice;Food & Drinks;Savings Bank;10000;EXPENSE;;;;;;;2214cf6a-3509-4775-9306-d1c853984d52
08/11/2023;Recharge;Transport;Savings Bank;0;TRANSFER;INR;Metro Card;200;INR;;;aec282de-c289-492b-80b9-8cfa216b7acc
07/11/2023;RtA;Transport;Metro Card;35000;EXPENSE;;;;;;;cdded4a6-aa21-458d-a863-9982ce6a0d43
07/11/2023;Electricity;Bills & Fees;Savings Bank;774000;EXPENSE;;;;;;;016e9b61-dcfa-4e77-9ea4-5b40078becc9
07/11/2023;AtR;Transport;Metro Card;35000;EXPENSE;;;;;;;78888e33-2d94-478e-b4d8-35ff9169fea4
07/11/2023;Rapido;Transport;Savings Bank;44000;EXPENSE;;;;;;;beef8da0-b407-4076-a562-8a55edb5bce3
06/11/2023;AtR;Transport;Metro Card;35000;EXPENSE;;;;;;;b7b2a934-a16c-419f-8b93-7e9e2f9a62c2
05/11/2023;Maida;Bills & Fees;Savings Bank;25000;EXPENSE;;;;;;;6cd27df9-3f55-4e65-a77b-9d25259cd29e
05/11/2023;Adjust;Transport;Savings Bank;30000;EXPENSE;;;;;;;f01503a7-4e97-4b43-bd2c-cfbd17611edc
04/11/2023;Sid;Food & Drinks;Savings Bank;140000;EXPENSE;;;;;;;86eddbaf-1a9f-4b39-a9be-bce386b02cc9
04/11/2023;Printouts;Bills & Fees;Savings Bank;385000;EXPENSE;;;;;;;d2679f4e-ce95-4a3e-a7d9-6c6b9007e2c0
04/11/2023;Treat;Food & Drinks;Savings Bank;650000;EXPENSE;;;;;;;4fa043c2-f7ca-437e-b6ee-58251377508f
03/11/2023;Chotu;Bills & Fees;Savings Bank;35000;INCOME;;;;;;;6ede70eb-b6c4-4447-b8c6-fa2aab9df901
03/11/2023;Seminar print;Bills & Fees;Savings Bank;104000;EXPENSE;;;;;;;18a8be6e-6669-4223-9631-a3c29b826841
03/11/2023;AtR;Transport;Metro Card;35000;EXPENSE;;;;;;;66fc0879-0791-4134-8789-c0d1b74a6cab
02/11/2023;Amazon;Bills & Fees;Savings Bank;35000;EXPENSE;;;;;;;4269f611-6985-4028-85b2-ab9810ac4df7
02/11/2023;AtR;Transport;Metro Card;35000;EXPENSE;;;;;;;acf52e36-7fe6-41de-88de-bba899dfd884
01/11/2023;Grocery;Bills & Fees;Savings Bank;35000;EXPENSE;;;;;;;eeb36b00-1cde-4cca-8a38-4a997eb35496
01/11/2023;Biryani;Food & Drinks;Savings Bank;520000;EXPENSE;;;;;;;922eb3ad-ce92-43ed-82e0-f432251243bb
01/11/2023;Recharge;Transport;Savings Bank;0;TRANSFER;INR;Metro Card;200;INR;;;80afa37c-80c8-4f25-864e-4949fc04fd30
01/11/2023;AtR;Transport;Metro Card;35000;EXPENSE;;;;;;;aaa2e7fe-1c23-4d65-ba8a-b5fc252b2c25
01/11/2023;Bus;Transport;Cash;10000;EXPENSE;;;;;;;f7018b1e-fe6e-468f-a3bb-f64bb701c1e2
01/11/2023;Bus;Transport;Cash;10000;EXPENSE;;;;;;;080dcbbd-f828-4ba0-beac-f5f32391a409
01/11/2023;Shampoo;Bills & Fees;Savings Bank;4000;EXPENSE;;;;;;;93598cf4-8222-4ffd-975a-a57bbe6a6c7f
31/10/2023;Salary;Bills & Fees;Savings Bank;35000;INCOME;;;;;;;4a84591c-f2a3-4cb2-af50-1b09d06d15c6
31/10/2023;Bus;Transport;Cash;10000;EXPENSE;;;;;;;f8e9144e-95b6-42b1-aa50-75ca623456d4
31/10/2023;AtR;Transport;Metro Card;35000;EXPENSE;;;;;;;77a06c9e-4a6c-4a25-9962-4639e7df0344
30/10/2023;Bus;Transport;Cash;20000;EXPENSE;;;;;;;265e9b8f-0bb9-41f5-af2b-3adee382c252
30/10/2023;Bus;Transport;Cash;20000;EXPENSE;;;;;;;7b6c432c-ce1a-4069-b0aa-016345fd4f13
28/10/2023;Snacks;Food & Drinks;Savings Bank;30000;EXPENSE;;;;;;;56413879-e433-453c-9635-68c5704a2eeb
27/10/2023;AtR;Transport;Metro Card;35000;EXPENSE;;;;;;;97d200a4-8a14-49aa-afd9-6f7096ffb383
27/10/2023;Bus;Transport;Cash;10000;EXPENSE;;;;;;;e29cc138-af79-4cf1-bb31-bf3147ea054d
27/10/2023;Recharge;Transport;Savings Bank;0;TRANSFER;INR;Metro Card;100;INR;;;96367560-d2b9-4f5d-ad6b-21b20ce521d9
26/10/2023;AtR;Transport;Metro Card;35000;EXPENSE;;;;;;;7a4a6e3b-c8ee-4544-9360-fb1cfb8f2180
26/10/2023;Bus;Transport;Cash;10000;EXPENSE;;;;;;;0cfdc995-94a3-49bd-bdc4-22e72dbb704e
26/10/2023;Chotu;Bills & Fees;Savings Bank;200000;EXPENSE;;;;;;;bdd73ad9-634f-404c-8d9b-869f6af5a207
26/10/2023;Bus;Transport;Cash;10000;EXPENSE;;;;;;;37abc86e-1ccc-4208-a4ab-c8d82ad550d7
25/10/2023;Adjust balance;Transport;Metro Card;35000;EXPENSE;;;;;;;aa94af2f-38b6-4bd4-96a8-a3d702739ab2
25/10/2023;Adjust balance;Transport;Cash;44000;EXPENSE;;;;;;;2483c557-c863-44bf-9570-ff856b7601a8
25/10/2023;Nidhish Payup;Bills & Fees;Savings Bank;60000;EXPENSE;;;;;;;7cfc848a-405e-4a42-b084-c9cb747e988a
25/10/2023;Recharge;Bills & Fees;Savings Bank;470820;EXPENSE;;;;;;;5ee52a27-7ed5-47c1-9e97-130602892c04
25/10/2023;Baba;Bills & Fees;Savings Bank;600000;INCOME;;;;;;;80767f2d-2582-4da4-bbee-7a95e06dff10
24/10/2023;Biryani 🍚;Food & Drinks;Savings Bank;356000;EXPENSE;;;;;;;6b5bcf06-600e-4921-8b15-f2ad78824b97
24/10/2023;Maa;Bills & Fees;Savings Bank;200000;INCOME;;;;;;;b0b6a557-f44a-46e9-bb70-5d9cf3b8b67c
24/10/2023;Egg Roll 🌯;Food & Drinks;Savings Bank;140000;EXPENSE;;;;;;;1a6ced53-ddaf-424f-bc75-b4609a8421d5
24/10/2023;Bus Pass 💳;Transport;Savings Bank;440000;EXPENSE;;;;;;;e091c498-3f42-4136-855d-9abe5e9c23c6
24/10/2023;Adjust;Bills & Fees;Savings Bank;40000;EXPENSE;;;;;;;9f9e561d-fbe6-4cd6-9a86-4f17f17b5e35
23/10/2023;Rapido 🚲;Transport;Savings Bank;74000;EXPENSE;;;;;;;adc6a73d-0802-478a-b225-59c573492a37
23/10/2023;Adjust;Bills & Fees;Savings Bank;10000;EXPENSE;;;;;;;f30bed0f-ca8e-4698-80c9-e0c215eebfb2
22/10/2023;Egg roll 🌯;Food & Drinks;Savings Bank;160000;EXPENSE;;;;;;;809b23a7-509e-439a-8651-0cc57f29ede3
22/10/2023;Nidhish Paid;Bills & Fees;Savings Bank;60000;INCOME;;;;;;;295d4db6-def7-490a-89d2-fb9414428b54
22/10/2023;Recharge;Bills & Fees;Savings Bank;259000;EXPENSE;;;;;;;be8e28eb-da75-4416-80ca-0c6672e99c28
22/10/2023;Bus;Transport;Cash;30000;EXPENSE;;;;;;;1226dbe7-b544-45a7-a1dc-600679421ee1
22/10/2023;Bus;Transport;Cash;20000;EXPENSE;;;;;;;4c6b2085-3835-4b8d-900f-8b777c2613dc
22/10/2023;Snacks;Food & Drinks;Savings Bank;30000;EXPENSE;;;;;;;d0b67f09-34f9-4a75-b8ca-6afe9e6b6041
22/10/2023;Maa;Bills & Fees;Cash;50000;EXPENSE;;;;;;;30dc6898-a78c-4981-93a6-6876bd02b2db
21/10/2023;Juice;Food & Drinks;Cash;30000;EXPENSE;;;;;;;9fa38570-f628-42eb-81a3-41ac25eaf077
21/10/2023;Auto;Transport;Cash;20000;EXPENSE;;;;;;;e5b68f42-1ae9-4087-b70e-0f37247a48b9
20/10/2023;Bus;Transport;Cash;30000;EXPENSE;;;;;;;a4484350-6cf4-4d4b-9c38-773827a5d49e
20/10/2023;PtA;Transport;Metro Card;10000;EXPENSE;;;;;;;e04f9a4a-78b6-4ea5-bd57-66019be37465
20/10/2023;HtP;Transport;Metro Card;35000;EXPENSE;;;;;;;e80d649a-a392-449b-aaf9-bb569a0510d3
20/10/2023;AtR;Transport;Metro Card;35000;EXPENSE;;;;;;;0d62c76b-9d29-482f-b63a-9ce7bba105a8
20/10/2023;Bus;Transport;Cash;30000;EXPENSE;;;;;;;a1e744ae-705e-489d-ab04-47d39d7dd881
19/10/2023;RtA;Transport;Metro Card;45000;EXPENSE;;;;;;;d7dc2bec-0060-49b1-8fae-2135b8ab8d56
19/10/2023;AtR;Transport;Metro Card;35000;EXPENSE;;;;;;;b75da623-cdeb-4ac4-91e2-6e180d1d58ba
18/10/2023;Recharge;Transport;Savings Bank;0;TRANSFER;INR;Metro Card;50;INR;;;654b5c48-e9c3-40f3-a523-6e7ceaeb5bfd
18/10/2023;Snacks;Food & Drinks;Cash;30000;EXPENSE;;;;;;;affa6bc0-30dc-419e-a503-1afce696d3fc
18/10/2023;Withdraw;Transport;Savings Bank;0;TRANSFER;INR;Cash;500;INR;;;4ac9b3d2-3223-4b06-bcd4-e4c870667bd1
18/10/2023;Bus;Transport;Cash;10000;EXPENSE;;;;;;;5eafe6b2-c6ee-471e-a9b1-d4df02660108
18/10/2023;AtR;Transport;Metro Card;35000;EXPENSE;;;;;;;9bbd56aa-e590-4c3d-a360-0ddbbe9a1567
18/10/2023;Adjust balance;Transport;Savings Bank;20000;INCOME;;;;;;;fb847a72-11a0-4de9-a9bd-7af8e59107ba
18/10/2023;Recharge;Transport;Savings Bank;0;TRANSFER;INR;Metro Card;200;INR;;;5a7f66a1-f069-44b8-8596-da49efc87376
17/10/2023;Stonks;Bills & Fees;Savings Bank;111000;EXPENSE;;;;;;;4ed9144f-a099-42b6-a750-e168f502f6d5
17/10/2023;Bus;Transport;Cash;10000;EXPENSE;;;;;;;b0abacd3-96ae-4281-820f-80ab45159bee
17/10/2023;Bus;Transport;Cash;10000;EXPENSE;;;;;;;102892f2-b50d-48de-95c0-31a8b0f54abf
17/10/2023;Metro;Transport;Savings Bank;35000;EXPENSE;;;;;;;8b0af34c-082b-4235-95b9-af521eb4b6bf
17/10/2023;Chotu;Bills & Fees;Savings Bank;35000;EXPENSE;;;;;;;137ff062-5b2f-4124-b28a-6351c338d7cf
17/10/2023;Baba;Bills & Fees;Savings Bank;35000;EXPENSE;;;;;;;f5770ed6-34f8-4659-976d-d5c4957ae301
16/10/2023;Capt. Payment;Bills & Fees;Savings Bank;35000;INCOME;;;;;;;d2dcc2f2-0b75-4383-851e-e0bc369d06f0
15/10/2023;Adjust balance;Transport;Savings Bank;35000;EXPENSE;;;;;;;1bdfdea9-d157-482a-8830-a84013b1b4d6
15/10/2023;Adjust balance;Transport;Cash;8000;INCOME;;;;;;;706ac425-419e-4c59-a5a0-dd624fa5901e
06/10/2023;Auto;Transport;Cash;20000;EXPENSE;;;;;;;425f3283-a482-4672-bed4-af89af56f2f1
06/10/2023;Auto;Transport;Cash;20000;EXPENSE;;;;;;;fb613be8-3fea-45a8-bcca-4b9a4d64aa02
05/10/2023;Auto;Transport;Cash;20000;EXPENSE;;;;;;;be292616-532f-4010-9c20-1c9209e2eb9c
05/10/2023;Baba;Bills & Fees;Cash;90000;INCOME;;;;;;;7c6dcdda-a122-4838-972f-ad813fc2b371
03/10/2023;Auto;Transport;Cash;20000;EXPENSE;;;;;;;695d3e1a-611e-4cfb-a2ec-0e61074949f2
03/10/2023;Bus;Transport;Cash;10000;EXPENSE;;;;;;;a098bac2-8411-45eb-abf5-93df91df0d19
30/09/2023;Baba;Bills & Fees;Savings Bank;500000;EXPENSE;;;;;;;9c51efa5-0626-44d4-82cc-2e08147e1fe8
30/09/2023;Snacks;Food & Drinks;Savings Bank;55000;EXPENSE;;;;;;;44f4d4ca-8e97-4b13-a798-2ea9ab2f4b3e
29/09/2023;Auto+Bus;Transport;Cash;30000;EXPENSE;;;;;;;67ef2a42-5539-4d8b-96d6-3bbc03044127
28/09/2023;Baba;Bills & Fees;Savings Bank;500000;EXPENSE;;;;;;;42f47d1d-175b-4c7a-9ab1-f3a41f12d45b
28/09/2023;Snacks;Food & Drinks;Savings Bank;70000;EXPENSE;;;;;;;54552def-f497-4a56-81c6-410afd754c44
28/09/2023;Adjust balance;Transport;Cash;4000;EXPENSE;;;;;;;d717ea31-9c25-4861-8a94-1e0afdcdb441
28/09/2023;Baba;Bills & Fees;Savings Bank;35000;EXPENSE;;;;;;;c1ec79d5-ea30-4dfd-9905-e1dda40bcfb7
28/09/2023;Chotu;Bills & Fees;Cash;20000;EXPENSE;;;;;;;d345b65d-0998-4654-a791-8b1b8e34e4b3
27/09/2023;Auto;Transport;Cash;20000;EXPENSE;;;;;;;1a029d91-ca69-4e79-986b-018c24493673
27/09/2023;Sid;Bills & Fees;Savings Bank;40000;EXPENSE;;;;;;;e96c2cf9-b558-4e52-a92f-03bf142ac615
25/09/2023;Interest;Bills & Fees;Savings Bank;3000;INCOME;;;;;;;368720e5-aebd-4a98-b0c0-39b6cb3d18d0
25/09/2023;Snacks;Food & Drinks;Savings Bank;25000;EXPENSE;;;;;;;fd839a36-c81d-44c9-9c7b-acdab413ca6d
25/09/2023;Jalebi;Food & Drinks;Savings Bank;20000;EXPENSE;;;;;;;3f797648-64e0-4c0f-8fa8-0b7e3ccbff7a
25/09/2023;Auto;Transport;Savings Bank;20000;EXPENSE;;;;;;;82220db6-f3f7-41da-b032-df0666122292
25/09/2023;Bus;Transport;Cash;10000;EXPENSE;;;;;;;9bc31a9c-d617-47b7-8aed-3f46a5bd8475
23/09/2023;Recharge;Bills & Fees;Savings Bank;259000;EXPENSE;;;;;;;a687a5db-941c-4445-83dd-607f55caa731
23/09/2023;Adjust balance;Transport;Savings Bank;20000;EXPENSE;;;;;;;3ed9f40f-a911-47f3-ba42-805eff58c65e
23/09/2023;Adjust balance;Transport;Cash;40000;EXPENSE;;;;;;;0654ac2f-fbfb-4d0c-8ed0-e111fb4b41ed
23/09/2023;Auto;Transport;Cash;20000;EXPENSE;;;;;;;60f91f51-4369-4e37-9983-f0a32cf8966b
23/09/2023;Bus;Transport;Cash;10000;EXPENSE;;;;;;;6ea4a6c0-8437-45f5-8ffa-e2daf331858b
23/09/2023;Chotu;Bills & Fees;Savings Bank;50000;EXPENSE;;;;;;;3517dcdc-25a5-4cf2-b997-cac90b475030
22/09/2023;Auto;Transport;Cash;20000;EXPENSE;;;;;;;d1b98b83-4132-419d-b401-e4ac9ae10f26
21/09/2023;Advance;Transport;Savings Bank;35000;INCOME;;;;;;;7c8d353e-9dde-434a-acc6-e839af3aef5b
20/09/2023;Auto;Transport;Cash;20000;EXPENSE;;;;;;;4848a5ea-2893-4fd7-9b0e-1f43a725b50d
19/09/2023;Prints;Bills & Fees;Savings Bank;5000;EXPENSE;;;;;;;def4e696-df36-4f16-9dd4-43a6751ba076
19/09/2023;Auto;Transport;Cash;20000;EXPENSE;;;;;;;5ba30e66-100b-46ad-8a15-97a848b16230
19/09/2023;Bus;Transport;Cash;10000;EXPENSE;;;;;;;e012e290-e108-4e8b-ba66-d6cc64134cf8
18/09/2023;Parking;Bills & Fees;Cash;25000;EXPENSE;;;;;;;e99b9932-99cb-47f6-8a5e-0811366920db
16/09/2023;Snacks;Food & Drinks;Savings Bank;30000;EXPENSE;;;;;;;7c0a060e-f3a4-44cd-b9dd-824ae61dac3b
15/09/2023;Pastry;Food & Drinks;Cash;100000;EXPENSE;;;;;;;cd3cc6dd-acde-4df6-b521-6cc73f7af28a
15/09/2023;Transport;Transport;Cash;45000;EXPENSE;;;;;;;5438c8ab-113f-4628-81f2-73c3bb2080dd
15/09/2023;Bus incident;Transport;Savings Bank;0;TRANSFER;INR;Cash;20;INR;;;6fe85ced-7b89-41b1-98ce-74216ddaf340
15/09/2023;Snacks;Food & Drinks;Savings Bank;30000;INCOME;;;;;;;b4d65eed-3128-4395-93b1-98ef40af297f
15/09/2023;Drink;Transport;Savings Bank;10000;EXPENSE;;;;;;;6938bd27-7796-4f4b-a1ed-23a8d77c02cb
15/09/2023;Snacks;Food & Drinks;Savings Bank;60000;EXPENSE;;;;;;;0d87bd72-5c47-4e07-9de1-d6d7812adf18
14/09/2023;Adjust balance;Transport;Cash;10000;EXPENSE;;;;;;;3b3ca74e-89ad-48d6-85ed-5babd4cebc78
14/09/2023;Adjust balance;Transport;Savings Bank;30000;EXPENSE;;;;;;;04297db2-92d4-4458-afe3-e6b32f3d0b65
14/09/2023;Snacks;Food & Drinks;Savings Bank;30000;EXPENSE;;;;;;;c691812d-37d6-4b21-b6d3-f64ee888c742
14/09/2023;Sid;Bills & Fees;Savings Bank;56000;EXPENSE;;;;;;;ef5a7408-3e1e-4af6-895f-45b2258984d9
14/09/2023;Bus;Transport;Cash;10000;EXPENSE;;;;;;;276e3349-85c0-4ccd-9538-44f5a9093a5e
13/09/2023;Auto;Transport;Cash;20000;EXPENSE;;;;;;;2fdb0d0f-9d32-423d-b44c-b3d55d9b7998
11/09/2023;Auto;Transport;Cash;20000;EXPENSE;;;;;;;7718a09c-a594-47a0-b739-8dea92fbb46c
11/09/2023;Bus;Transport;Cash;10000;EXPENSE;;;;;;;4ddf6fe9-7d89-44ec-b0b9-205adf69f3b5
11/09/2023;Auto;Transport;Cash;20000;EXPENSE;;;;;;;86c0eaeb-2967-4bdc-ade4-8d8b002413f4
10/09/2023;Snacks;Food & Drinks;Savings Bank;140000;EXPENSE;;;;;;;ad9aebb6-4c6a-4029-a56c-0432753c55dd
09/09/2023;Auto;Transport;Cash;20000;EXPENSE;;;;;;;1081a9fa-7cc3-476c-81e9-8db15632c4ee
08/09/2023;;Transport;Savings Bank;64000;EXPENSE;;;;;;;f65f482b-596c-4ac3-bf55-84ccd5afe501
08/09/2023;Withdraw;Transport;Savings Bank;0;TRANSFER;INR;Cash;500;INR;;;f8076e19-6b6f-46ea-8fd8-fd72bffc5fff
08/09/2023;Auto;Transport;Cash;20000;EXPENSE;;;;;;;885b7731-fc46-41ed-bb0c-a74c5efad793
08/09/2023;Bus;Transport;Cash;10000;EXPENSE;;;;;;;5a7eb41a-6f0c-4520-b2cf-37d355df5351
07/09/2023;Snacks;Food & Drinks;Cash;30000;EXPENSE;;;;;;;79c41cc5-3820-4783-a412-e180f2ef0d36
06/09/2023;Bus;Transport;Cash;10000;EXPENSE;;;;;;;ef4c710a-1aaf-4820-8b52-170d967540ef
06/09/2023;Adjust balance;Transport;Cash;20000;EXPENSE;;;;;;;b00bee3e-afdf-4f7a-87ff-003c8ec54eab
06/09/2023;Adjust balance;Transport;Savings Bank;35000;INCOME;;;;;;;1111d898-bdbc-4ed2-b00d-0d38c0db2692
23/08/2023;Bus;Transport;Cash;10000;EXPENSE;;;;;;;21a4dca9-ab09-475b-bfb8-6e39013d08f4
22/08/2023;Auto;Transport;Cash;20000;EXPENSE;;;;;;;fa63d868-93f0-46ad-a3b6-2cc3e78427b6
21/08/2023;Pass;Transport;Cash;430000;EXPENSE;;;;;;;116cbb27-0bc7-4d0d-98ec-f2d80e8e31f6
21/08/2023;Auto;Transport;Cash;20000;EXPENSE;;;;;;;68f696ac-d8a0-41cd-90fc-8825fc2ffea0
21/08/2023;Bus;Transport;Cash;30000;EXPENSE;;;;;;;7d33eba6-3275-4e53-ad32-e0fefadfb8fd
21/08/2023;Auto;Transport;Cash;20000;EXPENSE;;;;;;;4d8263cb-b6f3-41ef-93cd-7609271b4458
21/08/2023;Add;Bills & Fees;Cash;50000;INCOME;;;;;;;6f399986-7fc1-4795-993a-5cf3a51d3b94
18/08/2023;Chotu;Bills & Fees;Cash;10000;EXPENSE;;;;;;;95847d24-a85f-404d-947e-2293878de723
18/08/2023;Auto;Transport;Cash;20000;EXPENSE;;;;;;;56cc91a3-3cb8-4e06-a55d-811f973bd691
18/08/2023;Pocket Money;Bills & Fees;Cash;600000;INCOME;;;;;;;94fda512-cd23-4417-ba49-364a711a1299
18/08/2023;Bus;Transport;Cash;10000;EXPENSE;;;;;;;b830d31a-1e86-4add-b772-14e8b36b22ce
17/08/2023;Auto;Transport;Cash;20000;EXPENSE;;;;;;;62bac057-406c-4d02-87ad-44871eb52f56
17/08/2023;Stickers;Bills & Fees;Savings Bank;20000;EXPENSE;;;;;;;b922f796-634f-41ad-8dc9-3c7ed41a5c3e
16/08/2023;Stationary;Bills & Fees;Savings Bank;50000;EXPENSE;;;;;;;61e77773-9b65-4ba5-b8d2-3c1e69d686f6
16/08/2023;Juice;Food & Drinks;Savings Bank;40000;EXPENSE;;;;;;;08b24daa-7179-43c3-baea-a562dd34b951
16/08/2023;Goje payback;Bills & Fees;Savings Bank;50000;INCOME;;;;;;;7d174e97-785e-420f-b8a8-3a0bf65951f5
16/08/2023;Samosa;Food & Drinks;Savings Bank;60000;EXPENSE;;;;;;;38838b43-2d1d-4c66-9276-cdf0063701f1
16/08/2023;Auto;Transport;Cash;20000;EXPENSE;;;;;;;926a4567-fd8d-414c-8c48-ec703f2f5250
16/08/2023;Auto;Transport;Cash;20000;EXPENSE;;;;;;;398ea1da-e525-45cf-a805-daa0dfa13358
16/08/2023;Auto;Transport;Cash;20000;EXPENSE;;;;;;;b854b2b1-08ce-48cf-bceb-f95960c85c10
15/08/2023;Bus;Transport;Cash;10000;EXPENSE;;;;;;;f40e7739-463f-4d2b-936e-68b6950eca81
14/08/2023;Bus;Transport;Cash;10000;EXPENSE;;;;;;;20afd925-3793-4ab3-a867-e7fb520ff3ce
14/08/2023;Juice;Food & Drinks;Savings Bank;15000;EXPENSE;;;;;;;7d6b58c4-e4dc-4509-9738-b316a8736ee4
14/08/2023;Auto;Transport;Cash;20000;EXPENSE;;;;;;;144f2c5e-3f37-4d91-9719-d4b47c562cd6
12/08/2023;Bus;Transport;Cash;10000;EXPENSE;;;;;;;7482e1e9-cf28-4fe1-b8a3-730a03f9787d
11/08/2023;Auto;Transport;Cash;20000;EXPENSE;;;;;;;f570d0d9-a068-4d54-890a-55150e453eae
10/08/2023;;Transport;Cash;200000;INCOME;;;;;;;e662e1d3-9c8e-4fc7-8036-d9294dc95651
10/08/2023;Auto;Transport;Cash;20000;EXPENSE;;;;;;;c0186d15-49ad-4aa8-8406-b1a1a7dfce36
09/08/2023;Auto;Transport;Cash;20000;EXPENSE;;;;;;;5b1faf1d-9b94-413a-b363-b378b65f51df
08/08/2023;Snacks;Food & Drinks;Savings Bank;30000;EXPENSE;;;;;;;52ebe9d2-8d3f-49e1-b02d-9dd33ad0e3d8
08/08/2023;Auto;Transport;Cash;20000;EXPENSE;;;;;;;ca1bc174-e2f0-4b9a-8d83-7e774d58b043
07/08/2023;Bus;Transport;Cash;10000;EXPENSE;;;;;;;e2dc2523-d002-4a76-a331-76de254a1068
05/08/2023;Auto;Transport;Savings Bank;20000;EXPENSE;;;;;;;9b32648e-bb30-40af-8838-7bff74dd3bf5
05/08/2023;Auto;Transport;Cash;40000;EXPENSE;;;;;;;f541a401-9e3c-4108-b39f-b99e325dfec3
04/08/2023;Snacks;Food & Drinks;Savings Bank;20000;EXPENSE;;;;;;;8d674dde-d630-4aaa-85e0-9091487f0b19
04/08/2023;Bus;Transport;Cash;10000;EXPENSE;;;;;;;bfd65e8c-77b0-4306-8ec7-047004acfda0
02/08/2023;Computer stuff;Bills & Fees;Savings Bank;470000;EXPENSE;;;;;;;c1628623-7016-4fea-b5b0-98789cd57339
31/07/2023;Goje;Transport;Savings Bank;10000;EXPENSE;;;;;;;a799e899-e2b7-4d92-a0f1-d29af90429a6
31/07/2023;Auto;Transport;Cash;20000;EXPENSE;;;;;;;99c1a430-5823-4966-8af0-c07b28213b63
31/07/2023;Bus;Transport;Cash;10000;EXPENSE;;;;;;;ba912639-cfba-4ab4-bf3b-414ccfa96143
29/07/2023;Shawarma;Food & Drinks;Savings Bank;120000;EXPENSE;;;;;;;102dcd09-e832-4e55-8677-671417de4d64
28/07/2023;Adjust balance;Transport;Cash;30000;EXPENSE;;;;;;;ad43bdce-2ca7-4d19-9df5-10c2eefd57af
28/07/2023;Bus;Transport;Cash;10000;EXPENSE;;;;;;;e19fb581-2d37-481d-b744-bd5b9a4e68e9
28/07/2023;Bus;Transport;Cash;10000;EXPENSE;;;;;;;8287f257-b80e-44c7-87ec-f4fd70a0937a
27/07/2023;Bus;Transport;Cash;10000;EXPENSE;;;;;;;a9f7ab72-5d50-4881-84c8-91c00aa8d4ef
24/07/2023;Auto;Transport;Cash;20000;EXPENSE;;;;;;;2f9aff7b-8bc0-4614-9d6d-6184b07c03c6
24/07/2023;;Transport;Cash;100000;INCOME;;;;;;;7da2abea-5a4c-4880-97e2-c1f0c390761f
23/07/2023;Chotu;Bills & Fees;Cash;20000;EXPENSE;;;;;;;8db1d994-828b-4a9f-8cd2-4179bb49bf4b
22/07/2023;Something;Bills & Fees;Savings Bank;5000;EXPENSE;;;;;;;dfa1e44d-0620-4ce4-8242-ea266430b8ed
21/07/2023;Recharge;Bills & Fees;Savings Bank;259000;EXPENSE;;;;;;;089f4173-a7e2-4f7c-933a-057e00445af6
19/07/2023;Adjust balance;Transport;Cash;10000;EXPENSE;;;;;;;3de97568-0791-4fa7-8b5f-a13f7a68d05b
19/07/2023;Bus;Transport;Cash;10000;EXPENSE;;;;;;;a240e362-f493-4df3-8a39-34adfbbe97e9
18/07/2023;Pocket money;Transport;Savings Bank;35000;INCOME;;;;;;;ad78f483-712e-4487-b71b-402964fbe7cf
18/07/2023;Curd;Bills & Fees;Savings Bank;48000;EXPENSE;;;;;;;0c4246fe-d150-4138-a8c7-b2299ff02b28
14/07/2023;Auto;Transport;Cash;20000;EXPENSE;;;;;;;ec38a43e-49cb-4f44-b8b5-22378c8c74bd
14/07/2023;Snacks;Food & Drinks;Savings Bank;80000;EXPENSE;;;;;;;6a488a47-74c9-40cc-a6a7-83dd6ed97bc3
13/07/2023;Adjust balance;Transport;Savings Bank;10000;EXPENSE;;;;;;;c8663b30-4cd4-4a7b-96d0-5be2a96ee2f9
13/07/2023;Adjust balance;Transport;Metro Card;95000;EXPENSE;;;;;;;993ef29d-3510-492f-8e61-ec199b5d1d31
13/07/2023;🖊️;Bills & Fees;Savings Bank;10000;EXPENSE;;;;;;;df266437-f9d9-4a78-b890-8d347d1fab6e
12/07/2023;Bus;Transport;Cash;10000;EXPENSE;;;;;;;27d77e31-bbd0-4d6e-8468-5a0d73581213
12/07/2023;Juice;Food & Drinks;Cash;20000;EXPENSE;;;;;;;c883d05c-6c53-4729-bdb8-ecfe4da468ae
12/07/2023;Snacks;Food & Drinks;Savings Bank;50000;EXPENSE;;;;;;;ddb5295f-fb86-4c07-bc24-b2fc1c3aeb9e
12/07/2023;Auto;Transport;Cash;20000;EXPENSE;;;;;;;d25fd475-979c-4f42-8fff-b255016c0409
10/07/2023;Auto;Transport;Cash;20000;EXPENSE;;;;;;;2e579c11-d7a1-453c-8318-feb91dcb05f6
05/07/2023;Bus;Transport;Cash;10000;EXPENSE;;;;;;;abff004c-4d99-4551-bac8-6e04b76a5845
05/07/2023;Auto;Transport;Cash;20000;EXPENSE;;;;;;;7b97733d-cb97-414f-81aa-ebf099b4c360
04/07/2023;;Transport;Cash;210000;INCOME;;;;;;;2b2acaea-692a-4c89-8ee8-b4e1fb151e92
04/07/2023;Pen;Bills & Fees;Savings Bank;10000;EXPENSE;;;;;;;abf7ad8f-9353-4b09-899b-236d4d77ee62
04/07/2023;;Transport;Savings Bank;84000;INCOME;;;;;;;fcdb71e4-17e9-41ce-9b10-220ef7a7d601
13/06/2023;;Food & Drinks;Savings Bank;60000;EXPENSE;;;;;;;5106be05-0fec-410f-9f94-867da62bdf68
12/06/2023;Goje;Food & Drinks;Savings Bank;20000;EXPENSE;;;;;;;d523fbfe-72f9-4b2d-89f2-001760b5a044
11/06/2023;Mom;Bills & Fees;Savings Bank;35000;EXPENSE;;;;;;;94eaf4b1-5de7-43a6-ba81-61432cdaeff4
10/06/2023;Book;Bills & Fees;Savings Bank;180000;EXPENSE;;;;;;;02e8c1fc-f7c6-4070-a6fd-38aa6cd1b362
10/06/2023;;Transport;Savings Bank;0;TRANSFER;INR;Metro Card;100;INR;;;84ae40f7-762e-433c-a237-0794c1b28d44
10/06/2023;Salary;Bills & Fees;Savings Bank;35000;INCOME;;;;;;;8643e457-1f9b-4eb2-8494-484e813a36de
10/06/2023;Bus;Transport;Cash;10000;EXPENSE;;;;;;;b0719a39-9294-49a1-b593-25178bc842c4
09/06/2023;Bus;Transport;Cash;10000;EXPENSE;;;;;;;cbdf647e-99a6-467b-a4d8-f34f08e6fe65
09/06/2023;;Transport;Cash;3000;INCOME;;;;;;;0692b2cb-9634-4d0e-aafa-fa5d97845770
09/06/2023;Bus;Transport;Cash;20000;EXPENSE;;;;;;;688d1286-15e4-4c5e-9000-8b811ed3bd68
09/06/2023;Maa;Transport;Cash;50000;EXPENSE;;;;;;;171bd281-ebb9-499f-a599-009830083136
08/06/2023;Bus;Transport;Cash;10000;EXPENSE;;;;;;;cd739e89-208b-466e-823d-f3fb049605b3
07/06/2023;Juice;Food & Drinks;Savings Bank;20000;EXPENSE;;;;;;;43810d4f-c3e8-45af-b9c3-7e0a9ed088e9
07/06/2023;Exam fees;Bills & Fees;Savings Bank;800000;EXPENSE;;;;;;;7e80edad-0ce2-4d79-bb56-7a1de4cbc7a5
07/06/2023;Auto;Transport;Cash;20000;EXPENSE;;;;;;;a6e6fec9-f06d-4cd6-9b81-783d922c06c6
07/06/2023;Record books;Bills & Fees;Savings Bank;360000;EXPENSE;;;;;;;e590c487-ad68-44ef-85b9-dd256dd56620
06/06/2023;Chotu;Transport;Savings Bank;0;TRANSFER;INR;Cash;170;INR;;;08303f91-3211-425a-a45e-ff2fc53e001a
06/06/2023;Adjust;Transport;Cash;60000;EXPENSE;;;;;;;fa8ed10d-41a6-48fe-b6ff-eaafdd2b1bce
06/06/2023;Adjust;Transport;Cash;100000;EXPENSE;;;;;;;9069e92f-7267-4051-920b-a727fce83002
06/06/2023;Auto;Transport;Savings Bank;20000;EXPENSE;;;;;;;71171976-ee8f-41e5-994e-9e3aac003379
05/06/2023;Auto;Transport;Savings Bank;20000;EXPENSE;;;;;;;02661093-406d-4b37-a24e-89d428735c04
05/06/2023;Juice;Food & Drinks;Savings Bank;10000;EXPENSE;;;;;;;084785e2-78e7-4f96-a268-534e379a016f
05/06/2023;Snacks;Food & Drinks;Savings Bank;25000;EXPENSE;;;;;;;1eac3398-5799-4102-b251-7ee015475049
05/06/2023;Auto;Transport;Savings Bank;20000;EXPENSE;;;;;;;403e623d-4959-4701-8fc4-fcc9d3314f9b
04/06/2023;Adjust;Transport;Savings Bank;40000;EXPENSE;;;;;;;1598d104-95db-4207-84a3-f356e107ec17
03/06/2023;Juice;Food & Drinks;Savings Bank;20000;EXPENSE;;;;;;;76bfa357-9f91-47e0-9601-a7548e83ab40
03/06/2023;Juice;Food & Drinks;Savings Bank;20000;EXPENSE;;;;;;;c5cf3faa-f59a-4f63-9352-403af78512bb
02/06/2023;Bus;Transport;Cash;30000;EXPENSE;;;;;;;d30abfea-00e4-4b4b-a0df-f89af292c59c
01/06/2023;Bus;Transport;Cash;10000;EXPENSE;;;;;;;3b148ac0-f80c-418e-87f8-cdeb0524aa5b
01/06/2023;Medic;Bills & Fees;Savings Bank;53270;EXPENSE;;;;;;;6947bdc6-5ae5-4402-9773-44fcd77664a9
31/05/2023;Bus;Transport;Cash;10000;EXPENSE;;;;;;;13c2d9c2-ec0b-4641-92d9-1d47d46856c5
31/05/2023;Bus;Transport;Cash;20000;EXPENSE;;;;;;;a6108fae-4158-4f92-abc8-98d2164713e4
30/05/2023;Auto;Transport;Cash;20000;EXPENSE;;;;;;;bf742954-8ced-4b05-8abb-f83d60a5ddc8
30/05/2023;Maa;Transport;Cash;10000;EXPENSE;;;;;;;a9412a4a-1be4-4643-9591-27d952b5aa36
29/05/2023;Juice;Food & Drinks;Savings Bank;20000;EXPENSE;;;;;;;8bd1d50c-f2d3-4de3-be03-eb29541f0923
29/05/2023;Auto;Transport;Savings Bank;20000;EXPENSE;;;;;;;6621ec12-3697-4625-8d86-199f6d97ef55
28/05/2023;Adjust;Transport;Cash;7000;INCOME;;;;;;;a33b44c4-d605-4ef5-b43b-ac2629d5a4f9
28/05/2023;Adjust;Transport;Cash;153000;INCOME;;;;;;;7d1ff941-a147-422c-9ca0-a63b5336c044
28/05/2023;Suit;Bills & Fees;Savings Bank;35000;EXPENSE;;;;;;;b0d0925c-5656-4c21-908e-d858508d9742
27/05/2023;Breakfast;Food & Drinks;Savings Bank;30000;EXPENSE;;;;;;;2a7c16cb-d0d1-4a6e-90fb-f5b9ea1f32a6
26/05/2023;Baba payback;Transport;Savings Bank;35000;EXPENSE;;;;;;;8ecb9487-eb8f-4940-ac60-16187698ddc5
25/05/2023;Bus;Transport;Cash;10000;EXPENSE;;;;;;;fa34dfbc-5421-4758-af97-d62dabc91ca9
25/05/2023;Bus;Transport;Cash;20000;EXPENSE;;;;;;;d0cec216-deae-478a-aec8-f371f1f18b43
24/05/2023;Juice;Food & Drinks;Savings Bank;25000;EXPENSE;;;;;;;f31250fe-db77-4b4e-855e-f2495efbbd55
24/05/2023;Auto;Transport;Cash;20000;EXPENSE;;;;;;;00a578e4-1950-4134-86d4-0ad760a0bef5
23/05/2023;Auto+Bus;Transport;Cash;50000;EXPENSE;;;;;;;e92c947f-3e0d-475c-a6f2-47720ea174a1
23/05/2023;Bus;Transport;Cash;10000;EXPENSE;;;;;;;146d65de-5080-4fda-ab15-9d38222e737d
23/05/2023;Bus;Transport;Cash;10000;EXPENSE;;;;;;;efd46273-aa95-4657-9753-7de26d3134d8
23/05/2023;Bus;Transport;Cash;10000;EXPENSE;;;;;;;c4457ff2-9d37-419a-9f40-ba6712cfb025
21/05/2023;Recharge;Bills & Fees;Savings Bank;259000;EXPENSE;;;;;;;5db0782d-28e8-4bb3-99f4-7a248fe323ec
20/05/2023;Shrenik paid;Transport;Savings Bank;150000;INCOME;;;;;;;53ffeefd-9f3c-4079-aafd-787e38a1d001
20/05/2023;Snacks;Food & Drinks;Savings Bank;100000;EXPENSE;;;;;;;e80ef95c-1f37-4fa3-b05d-e9ad2201ecb3
20/05/2023;Ice cream;Food & Drinks;Savings Bank;30000;EXPENSE;;;;;;;ac7e505c-9fd5-4db9-a5ec-7b49027a2aa9
20/05/2023;OGT paid;Transport;Savings Bank;35000;INCOME;;;;;;;63fa7ddf-0442-4018-9e6b-e6587d325952
20/05/2023;Chotu;Transport;Cash;10000;EXPENSE;;;;;;;064b1298-57c5-498f-8e00-72e28f99ca74
19/05/2023;Bus pass;Transport;Cash;430000;EXPENSE;;;;;;;aba11ee8-1dc0-4d37-8169-bca15fab8efc
19/05/2023;Withdraw;Transport;Savings Bank;0;TRANSFER;INR;Cash;500;INR;;;3738426e-ccfb-4f8e-9048-ffd775d5a8bf
18/05/2023;Ice cream;Food & Drinks;Savings Bank;75000;EXPENSE;;;;;;;9b405d2b-c7ad-44dc-8b73-966966de077d
18/05/2023;RtA;Transport;Metro Card;35000;EXPENSE;;;;;;;e5d7ed44-288e-4ddf-8e7e-a5ff17dc4896
18/05/2023;Snacks;Food & Drinks;Cash;30000;EXPENSE;;;;;;;4090715d-41c2-4a5b-b06e-ecd9d34683d9
18/05/2023;Bus;Transport;Cash;10000;EXPENSE;;;;;;;2e63e98a-eb33-4355-9f02-e03b693f28ac
18/05/2023;Withdraw;Transport;Savings Bank;0;TRANSFER;INR;Cash;200;INR;;;a2c28fff-4a38-4f8f-98d3-4bd6e7c8889f
17/05/2023;Bus;Transport;Cash;30000;EXPENSE;;;;;;;148317cb-9197-435a-90a4-a9a2a16e461a
16/05/2023;Bus;Transport;Cash;20000;EXPENSE;;;;;;;9ab79fd3-68e1-4855-8cd6-47add0098668
16/05/2023;Snacks;Food & Drinks;Cash;30000;EXPENSE;;;;;;;591db22a-9fa9-4abb-8216-543a3d876d26
14/05/2023;Adjust;Transport;Cash;30000;INCOME;;;;;;;cbec9cd1-3efe-40ac-98dd-b0779e147c55
14/05/2023;Sid payUp;Transport;Savings Bank;631000;EXPENSE;;;;;;;0e54fd04-cbbd-4189-8e1d-1a78ac0a495a
13/05/2023;Payment;Transport;Savings Bank;35000;INCOME;;;;;;;cfecf929-0c58-42d1-8081-8b3e2ea6ebb0
13/05/2023;Juice;Food & Drinks;Savings Bank;40000;EXPENSE;;;;;;;cde4ea46-edfc-4902-8576-00013dcb0ad8
13/05/2023;Juice;Food & Drinks;Savings Bank;10000;EXPENSE;;;;;;;67aa63bc-dab4-49a0-9d1b-9c0523be6b0d
13/05/2023;Auto;Transport;Cash;20000;EXPENSE;;;;;;;510ee07c-c3f1-4974-9531-0dce6b100f68
12/05/2023;Auto;Transport;Savings Bank;20000;EXPENSE;;;;;;;365c2b9a-5f4f-45de-b91a-9b13fa662633
11/05/2023;Auto;Transport;Cash;20000;EXPENSE;;;;;;;06c55abd-d349-4795-856d-4475a8f04c6d
10/05/2023;Auto;Transport;Cash;20000;EXPENSE;;;;;;;85df1fe0-d5db-44da-a18f-a24adf2fb815
10/05/2023;Snacks;Food & Drinks;Cash;15000;EXPENSE;;;;;;;3e723afd-3817-4704-b916-3f64efa94a49
09/05/2023;Bus: RtG;Transport;Cash;10000;EXPENSE;;;;;;;f6424625-0367-44cb-bb31-d27ed49d5304
09/05/2023;;Transport;Cash;40000;INCOME;;;;;;;108536ea-0907-4c3e-88ca-b61e358d0915
09/05/2023;Bus;Transport;Cash;10000;EXPENSE;;;;;;;d2c7f29c-11be-44af-9994-eeb2ff3d0bc1
08/05/2023;Bus;Transport;Cash;10000;EXPENSE;;;;;;;15bf09b6-161c-47d2-a53f-18ac0d932087
08/05/2023;Auto;Transport;Cash;20000;EXPENSE;;;;;;;0f85833e-3413-4049-9ee6-ce8bbe54fd0f
07/05/2023;;Bills & Fees;Savings Bank;8000;EXPENSE;;;;;;;a7b4a1cc-d024-4eb9-a851-d290576afd21
07/05/2023;Snack;Food & Drinks;Savings Bank;30000;EXPENSE;;;;;;;49c6486a-01ee-44fb-ba75-6c9e47a62b36
06/05/2023;Bus;Transport;Cash;10000;EXPENSE;;;;;;;803525e1-8e8e-46df-a3ba-de246e27274c
06/05/2023;Auto;Transport;Cash;20000;EXPENSE;;;;;;;597cc7f7-ebcd-4986-8a3b-7c9476568bdd
05/05/2023;Stonks Return;Bills & Fees;Savings Bank;50430;INCOME;;;;;;;de0f1b44-7505-4150-baeb-966bbe7ddd2c
05/05/2023;Goje;Food & Drinks;Cash;40000;INCOME;;;;;;;ab884a7e-0080-4b67-a380-47a1cd5f91a1
05/05/2023;Bonda;Food & Drinks;Savings Bank;70000;EXPENSE;;;;;;;b8cbeef7-9fbd-4fea-b4fe-f9cce807e800
04/05/2023;Auto;Transport;Cash;20000;EXPENSE;;;;;;;4202946d-4fa8-4a88-bee6-856f5b685792
03/05/2023;RtA;Transport;Metro Card;35000;EXPENSE;;;;;;;bb3cb1d6-8755-480a-970a-2c7341530687
03/05/2023;Bus;Transport;Cash;20000;EXPENSE;;;;;;;d2cf792b-106d-40bf-9514-d051f7f774eb
03/05/2023;Bus;Transport;Cash;20000;EXPENSE;;;;;;;12e698d4-d30a-4b9d-a8de-cf26f9481d21
03/05/2023;Withdraw;Transport;Savings Bank;0;TRANSFER;INR;Cash;200;INR;;;a0dc09db-f4d3-4d4f-9549-e1bf801bc18e
02/05/2023;Glasses;Bills & Fees;Savings Bank;5000;EXPENSE;;;;;;;6e02ce68-f8c6-4716-b827-aa61e9db4efc
02/05/2023;Bus;Transport;Cash;10000;EXPENSE;;;;;;;f0bf35f0-36d6-48e7-a22a-78adb583e51a
02/05/2023;Bus;Transport;Cash;20000;EXPENSE;;;;;;;a33baaae-ada1-492a-a2fa-fa3a7379fe60
02/05/2023;;Transport;Cash;10000;INCOME;;;;;;;312060e6-392f-4e38-a397-6cd08e7a04e7
01/05/2023;Bus;Transport;Cash;10000;EXPENSE;;;;;;;ac0d9f4d-114c-4178-9383-727c7e90f912
01/05/2023;Bus;Transport;Cash;10000;EXPENSE;;;;;;;0cc64442-0ecf-47c2-9a60-752ef34b0c3b
29/04/2023;Baba;Bills & Fees;Savings Bank;35000;EXPENSE;;;;;;;6928d74d-4fe9-4bbb-a6a7-3dd9cf6167ba
29/04/2023;Bus;Transport;Cash;10000;EXPENSE;;;;;;;b090e3ff-c3f4-48b3-993f-d39ff730a5cf
28/04/2023;Baba;Bills & Fees;Cash;100000;INCOME;;;;;;;f641a2a1-24a5-4387-870b-353048dec60c
28/04/2023;Bus;Transport;Cash;10000;EXPENSE;;;;;;;d62cc695-1580-4331-902d-ace4138ebb93
28/04/2023;Bus: RtG;Transport;Cash;10000;EXPENSE;;;;;;;7d25fbbf-55e2-443d-9f59-e87d6dc66f21
28/04/2023;AtR;Transport;Metro Card;35000;EXPENSE;;;;;;;14744cb0-bd26-40c6-85a6-b6f8befadc3d
28/04/2023;Bus;Transport;Cash;10000;EXPENSE;;;;;;;ec2b564b-01a9-4cd3-9349-3dbf4ebdd013
28/04/2023;Auto;Transport;Cash;20000;EXPENSE;;;;;;;412542ef-7abc-49e3-96a7-acc9c336e71a
28/04/2023;Auto;Transport;Cash;20000;EXPENSE;;;;;;;bddde2e8-7934-4e58-9f6e-5e3c6b6002ae
27/04/2023;Ice cream;Food & Drinks;Savings Bank;98000;EXPENSE;;;;;;;4891e846-f37e-40b9-9699-0f452cda8679
27/04/2023;Water;Food & Drinks;Savings Bank;30000;EXPENSE;;;;;;;8709e97a-0c03-41c1-9f57-90b520c3aac2
27/04/2023;Fried rice;Food & Drinks;Cash;80000;EXPENSE;;;;;;;fee66d50-81da-40d0-8a8b-11effb557105
27/04/2023;Goli soda;Food & Drinks;Savings Bank;49000;EXPENSE;;;;;;;1e929011-cb44-4ef2-9c96-171e6a07896f
27/04/2023;Auto;Transport;Savings Bank;20000;EXPENSE;;;;;;;37d32d55-9bd4-45cc-ae88-5aad75f1efdd
27/04/2023;Auto;Transport;Cash;20000;EXPENSE;;;;;;;71349845-5d13-42d9-85b5-02b4681f6141
26/04/2023;RtA;Transport;Metro Card;35000;EXPENSE;;;;;;;84d9db59-20f4-4894-93de-8c41c4cf455a
26/04/2023;Juice;Food & Drinks;Savings Bank;20000;EXPENSE;;;;;;;e889143e-2069-4224-a042-fd5c697d2bf9
26/04/2023;Baba sent;Transport;Savings Bank;35000;INCOME;;;;;;;2a3cb132-a356-4293-9995-d37d08cf6b8e
26/04/2023;Bus: RtG;Transport;Cash;10000;EXPENSE;;;;;;;acf79632-878d-430f-83f5-cf8ff48c2389
26/04/2023;BtR;Transport;Metro Card;40000;EXPENSE;;;;;;;00245654-a7da-4328-9b44-82aeea9d0e84
26/04/2023;Metro Recharge;Bills & Fees;Metro Card;200000;INCOME;;;;;;;62bdf053-372c-46e4-913b-3841df522793
26/04/2023;Metro recharge;Bills & Fees;Savings Bank;200000;EXPENSE;;;;;;;c9b04294-a23e-45de-8992-cbcecff53d2b
25/04/2023;RtA;Transport;Metro Card;31500;EXPENSE;;;;;;;a9b36b97-b4e9-4300-b3ac-28bad8c4a63c
25/04/2023;Burger AM;Food & Drinks;Savings Bank;99000;EXPENSE;;;;;;;299b92a2-a262-4133-ba62-b3617f8e9ed2
25/04/2023;Bus: RtG;Transport;Cash;10000;EXPENSE;;;;;;;17104d7b-7e67-4e28-a3ff-6a89744749cd
25/04/2023;AtR;Transport;Metro Card;35000;EXPENSE;;;;;;;f511bf79-0cef-4176-bbe9-cd286a22b4b6
25/04/2023;Stonks return;Bills & Fees;Savings Bank;130640;INCOME;;;;;;;5faf2dec-3e48-4461-b8ce-08d38d09c2da
24/04/2023;RtA;Transport;Metro Card;31500;EXPENSE;;;;;;;bfa01c7d-01b9-4d58-8259-532e57df5250
24/04/2023;Bus: GtR;Transport;Cash;10000;EXPENSE;;;;;;;2a60e425-0482-4c2b-90da-2fd9a3625242
24/04/2023;SQ bands;Transport;Cash;5000;EXPENSE;;;;;;;030f09cc-5de1-4e04-b9ac-ed81ae082f00
24/04/2023;Bus: RtG;Transport;Cash;10000;EXPENSE;;;;;;;eb162c95-45ff-4a86-9442-01a0d7185843
24/04/2023;AtR;Transport;Metro Card;35000;EXPENSE;;;;;;;7e969b7e-781f-4f2b-9846-ccc9f5dd6fcf
24/04/2023;Water;Food & Drinks;Savings Bank;20000;EXPENSE;;;;;;;fcef1371-ee9c-4a27-8d40-a4c2941816c5
24/04/2023;Frooti;Food & Drinks;Savings Bank;30000;EXPENSE;;;;;;;5774ddc5-fb39-4cf6-bc41-525bd863f31c
24/04/2023;Water;Food & Drinks;Cash;30000;EXPENSE;;;;;;;96be7e64-42f2-4572-bfe5-8ca49d07c31b
24/04/2023;FAC;Transport;Savings Bank;30000;EXPENSE;;;;;;;ed592098-6bbc-4f2d-9fef-2b3f16c86764
24/04/2023;Auto;Transport;Cash;20000;EXPENSE;;;;;;;7de9302c-2afe-47cb-8dde-55995c3053d6
23/04/2023;Shirt;Bills & Fees;Savings Bank;750000;EXPENSE;;;;;;;331f6c19-44d8-4058-95df-44132c8b2395
23/04/2023;TO TRANSFER INSUFFICIENT BAL POS DECLINE CHARGE;Transport;Savings Bank;23600;EXPENSE;;;;;;;bfda43e2-c9b7-487a-9da6-992242868b3d
22/04/2023;Nidhish payup;Bills & Fees;Savings Bank;35000;INCOME;;;;;;;5beca6c2-56bd-413e-b190-0d7716eebdce
22/04/2023;;Bills & Fees;Savings Bank;35000;EXPENSE;;;;;;;e364e56c-8686-4db2-aa12-5d0f747d2efe
22/04/2023;;Bills & Fees;Savings Bank;35000;EXPENSE;;;;;;;2830ffb1-d04d-430a-b7a1-dc4275ab9b25
22/04/2023;;Transport;Cash;20000;EXPENSE;;;;;;;041d7f4c-41a5-4ea6-9eb3-deaa05e47763
22/04/2023;Mobile;Bills & Fees;Savings Bank;259000;EXPENSE;;;;;;;cbd3c2b8-7d14-40af-9738-4aa8f9ae315d
22/04/2023;Stonks;Transport;Savings Bank;130000;EXPENSE;;;;;;;f581ed64-0165-48f7-8e54-adf0432fe60b
22/04/2023;Change;Transport;Cash;7000;INCOME;;;;;;;8aa5ed27-83d2-4daf-b558-63584e7c8dd2
22/04/2023;Sid returns;Transport;Savings Bank;300000;INCOME;;;;;;;eff5af0f-0600-47db-93aa-6afb281b612c
22/04/2023;Init;Transport;Metro Card;139000;INCOME;;;;;;;55386842-79d1-40ad-b6d6-0250c04f65db
22/04/2023;Init;Transport;Savings Bank;35000;INCOME;;;;;;;2a7066f9-c920-46e4-829e-7638668764ae
22/04/2023;Init;Transport;Cash;250000;INCOME;;;;;;;717942ae-43dc-4f4c-bb3d-32057ccb00f0
